time,latitud,longitud,min,prom,max,s_cod,nombre
2024-01-01 01:00:00,-29.24724,-71.467969,1015.049,1015.325,1015.624,MARPCHPA,Punta de Choros
2024-01-01 02:00:00,-29.24724,-71.467969,1014.705,1014.87,1015.147,MARPCHPA,Punta de Choros
2024-01-01 03:00:00,-29.24724,-71.467969,1014.604,1014.685,1014.85,MARPCHPA,Punta de Choros
2024-01-01 04:00:00,-29.24724,-71.467969,1014.599,1014.732,1014.911,MARPCHPA,Punta de Choros
2024-01-01 05:00:00,-29.24724,-71.467969,1014.977,1015.084,1015.229,MARPCHPA,Punta de Choros
2024-01-01 06:00:00,-29.24724,-71.467969,1015.106,1015.374,1015.628,MARPCHPA,Punta de Choros
2024-01-01 07:00:00,-29.24724,-71.467969,1015.707,1015.997,1016.271,MARPCHPA,Punta de Choros
2024-01-01 08:00:00,-29.24724,-71.467969,1016.371,1016.545,1016.635,MARPCHPA,Punta de Choros
2024-01-01 09:00:00,-29.24724,-71.467969,1016.644,1016.838,1017.01,MARPCHPA,Punta de Choros
2024-01-01 10:00:00,-29.24724,-71.467969,1017.15,1017.324,1017.517,MARPCHPA,Punta de Choros
2024-01-01 11:00:00,-29.24724,-71.467969,1017.527,1017.606,1017.726,MARPCHPA,Punta de Choros
2024-01-01 12:00:00,-29.24724,-71.467969,1017.549,1017.61,1017.75,MARPCHPA,Punta de Choros
2024-01-01 13:00:00,-29.24724,-71.467969,1017.159,1017.371,1017.648,MARPCHPA,Punta de Choros
2024-01-01 14:00:00,-29.24724,-71.467969,1016.5,1016.813,1017.116,MARPCHPA,Punta de Choros
2024-01-01 15:00:00,-29.24724,-71.467969,1015.946,1016.195,1016.449,MARPCHPA,Punta de Choros
2024-01-01 16:00:00,-29.24724,-71.467969,1015.292,1015.548,1015.857,MARPCHPA,Punta de Choros
2024-01-01 17:00:00,-29.24724,-71.467969,1014.885,1015.07,1015.296,MARPCHPA,Punta de Choros
2024-01-01 18:00:00,-29.24724,-71.467969,1014.83,1014.885,1014.986,MARPCHPA,Punta de Choros
2024-01-01 19:00:00,-29.24724,-71.467969,1014.984,1015.179,1015.297,MARPCHPA,Punta de Choros
2024-01-01 20:00:00,-29.24724,-71.467969,1015.34,1015.34,1015.34,MARPCHPA,Punta de Choros
2024-01-01 01:00:00,-29.754064,-71.257442,996.935,997.104,997.27,RMRPA,La Serena [El Romeral]
2024-01-01 02:00:00,-29.754064,-71.257442,996.728,996.775,996.825,RMRPA,La Serena [El Romeral]
2024-01-01 03:00:00,-29.754064,-71.257442,996.59,996.688,996.744,RMRPA,La Serena [El Romeral]
2024-01-01 04:00:00,-29.754064,-71.257442,996.617,996.747,996.929,RMRPA,La Serena [El Romeral]
2024-01-01 05:00:00,-29.754064,-71.257442,996.984,997.095,997.172,RMRPA,La Serena [El Romeral]
2024-01-01 06:00:00,-29.754064,-71.257442,997.218,997.414,997.728,RMRPA,La Serena [El Romeral]
2024-01-01 07:00:00,-29.754064,-71.257442,997.886,998.068,998.208,RMRPA,La Serena [El Romeral]
2024-01-01 08:00:00,-29.754064,-71.257442,998.267,998.326,998.383,RMRPA,La Serena [El Romeral]
2024-01-01 09:00:00,-29.754064,-71.257442,998.249,998.313,998.355,RMRPA,La Serena [El Romeral]
2024-01-01 10:00:00,-29.754064,-71.257442,998.288,998.36,998.503,RMRPA,La Serena [El Romeral]
2024-01-01 11:00:00,-29.754064,-71.257442,998.586,998.68,998.775,RMRPA,La Serena [El Romeral]
2024-01-01 12:00:00,-29.754064,-71.257442,998.743,998.869,999.022,RMRPA,La Serena [El Romeral]
2024-01-01 13:00:00,-29.754064,-71.257442,999.125,999.244,999.371,RMRPA,La Serena [El Romeral]
2024-01-01 14:00:00,-29.754064,-71.257442,998.903,999.158,999.335,RMRPA,La Serena [El Romeral]
2024-01-01 15:00:00,-29.754064,-71.257442,998.223,998.558,998.849,RMRPA,La Serena [El Romeral]
2024-01-01 16:00:00,-29.754064,-71.257442,997.732,997.913,998.108,RMRPA,La Serena [El Romeral]
2024-01-01 17:00:00,-29.754064,-71.257442,997.432,997.595,997.756,RMRPA,La Serena [El Romeral]
2024-01-01 18:00:00,-29.754064,-71.257442,997.233,997.339,997.432,RMRPA,La Serena [El Romeral]
2024-01-01 19:00:00,-29.754064,-71.257442,997.416,997.439,997.512,RMRPA,La Serena [El Romeral]
2024-01-01 20:00:00,-29.754064,-71.257442,997.461,997.461,997.461,RMRPA,La Serena [El Romeral]
2024-01-01 01:00:00,-29.915015,-71.242214,1004.128,1004.291,1004.416,LSCPA,La Serena [CEAZA]
2024-01-01 02:00:00,-29.915015,-71.242214,1003.929,1004.008,1004.119,LSCPA,La Serena [CEAZA]
2024-01-01 03:00:00,-29.915015,-71.242214,1003.754,1003.802,1003.849,LSCPA,La Serena [CEAZA]
2024-01-01 04:00:00,-29.915015,-71.242214,1003.765,1003.901,1004.125,LSCPA,La Serena [CEAZA]
2024-01-01 05:00:00,-29.915015,-71.242214,1004.18,1004.318,1004.414,LSCPA,La Serena [CEAZA]
2024-01-01 06:00:00,-29.915015,-71.242214,1004.407,1004.636,1004.88,LSCPA,La Serena [CEAZA]
2024-01-01 07:00:00,-29.915015,-71.242214,1004.992,1005.218,1005.433,LSCPA,La Serena [CEAZA]
2024-01-01 08:00:00,-29.915015,-71.242214,1005.486,1005.52,1005.56,LSCPA,La Serena [CEAZA]
2024-01-01 09:00:00,-29.915015,-71.242214,1005.509,1005.618,1005.681,LSCPA,La Serena [CEAZA]
2024-01-01 10:00:00,-29.915015,-71.242214,1005.721,1005.877,1006.074,LSCPA,La Serena [CEAZA]
2024-01-01 11:00:00,-29.915015,-71.242214,1006.184,1006.255,1006.294,LSCPA,La Serena [CEAZA]
2024-01-01 12:00:00,-29.915015,-71.242214,1006.288,1006.336,1006.383,LSCPA,La Serena [CEAZA]
2024-01-01 13:00:00,-29.915015,-71.242214,1006.267,1006.318,1006.367,LSCPA,La Serena [CEAZA]
2024-01-01 14:00:00,-29.915015,-71.242214,1005.905,1006.148,1006.328,LSCPA,La Serena [CEAZA]
2024-01-01 15:00:00,-29.915015,-71.242214,1005.343,1005.574,1005.841,LSCPA,La Serena [CEAZA]
2024-01-01 16:00:00,-29.915015,-71.242214,1004.734,1004.989,1005.209,LSCPA,La Serena [CEAZA]
2024-01-01 17:00:00,-29.915015,-71.242214,1004.278,1004.444,1004.671,LSCPA,La Serena [CEAZA]
2024-01-01 18:00:00,-29.915015,-71.242214,1004.16,1004.21,1004.284,LSCPA,La Serena [CEAZA]
2024-01-01 19:00:00,-29.915015,-71.242214,1004.256,1004.344,1004.445,LSCPA,La Serena [CEAZA]
2024-01-01 20:00:00,-29.915015,-71.242214,1004.476,1004.476,1004.476,LSCPA,La Serena [CEAZA]
2024-01-01 01:00:00,-29.97852,-71.080386,991.789,991.885,992.016,RMPPA,Gabriela Mistral
2024-01-01 02:00:00,-29.97852,-71.080386,991.452,991.651,991.753,RMPPA,Gabriela Mistral
2024-01-01 03:00:00,-29.97852,-71.080386,991.286,991.34,991.418,RMPPA,Gabriela Mistral
2024-01-01 04:00:00,-29.97852,-71.080386,991.297,991.433,991.634,RMPPA,Gabriela Mistral
2024-01-01 05:00:00,-29.97852,-71.080386,991.737,991.826,991.978,RMPPA,Gabriela Mistral
2024-01-01 06:00:00,-29.97852,-71.080386,992.038,992.256,992.513,RMPPA,Gabriela Mistral
2024-01-01 07:00:00,-29.97852,-71.080386,992.599,992.684,992.757,RMPPA,Gabriela Mistral
2024-01-01 08:00:00,-29.97852,-71.080386,992.665,992.755,992.789,RMPPA,Gabriela Mistral
2024-01-01 09:00:00,-29.97852,-71.080386,992.413,992.545,992.633,RMPPA,Gabriela Mistral
2024-01-01 10:00:00,-29.97852,-71.080386,992.394,992.504,992.695,RMPPA,Gabriela Mistral
2024-01-01 11:00:00,-29.97852,-71.080386,992.743,992.86,992.936,RMPPA,Gabriela Mistral
2024-01-01 12:00:00,-29.97852,-71.080386,992.873,992.919,992.954,RMPPA,Gabriela Mistral
2024-01-01 13:00:00,-29.97852,-71.080386,992.865,992.885,992.903,RMPPA,Gabriela Mistral
2024-01-01 14:00:00,-29.97852,-71.080386,992.578,992.755,992.881,RMPPA,Gabriela Mistral
2024-01-01 15:00:00,-29.97852,-71.080386,991.966,992.209,992.494,RMPPA,Gabriela Mistral
2024-01-01 16:00:00,-29.97852,-71.080386,991.468,991.692,991.88,RMPPA,Gabriela Mistral
2024-01-01 17:00:00,-29.97852,-71.080386,991.098,991.211,991.33,RMPPA,Gabriela Mistral
2024-01-01 18:00:00,-29.97852,-71.080386,991.152,991.241,991.406,RMPPA,Gabriela Mistral
2024-01-01 19:00:00,-29.97852,-71.080386,991.539,991.657,991.78,RMPPA,Gabriela Mistral
2024-01-01 20:00:00,-29.97852,-71.080386,991.815,991.815,991.815,RMPPA,Gabriela Mistral
2024-01-01 01:00:00,-29.998736,-71.39852,1002.633,1002.85,1003.072,PNLPA,Coquimbo [El Panul]
2024-01-01 02:00:00,-29.998736,-71.39852,1002.427,1002.504,1002.617,PNLPA,Coquimbo [El Panul]
2024-01-01 03:00:00,-29.998736,-71.39852,1002.13,1002.281,1002.371,PNLPA,Coquimbo [El Panul]
2024-01-01 04:00:00,-29.998736,-71.39852,1002.211,1002.384,1002.487,PNLPA,Coquimbo [El Panul]
2024-01-01 05:00:00,-29.998736,-71.39852,1002.574,1002.71,1002.823,PNLPA,Coquimbo [El Panul]
2024-01-01 06:00:00,-29.998736,-71.39852,1002.82,1003.069,1003.383,PNLPA,Coquimbo [El Panul]
2024-01-01 07:00:00,-29.998736,-71.39852,1003.448,1003.715,1004.006,PNLPA,Coquimbo [El Panul]
2024-01-01 08:00:00,-29.998736,-71.39852,1004.056,1004.139,1004.211,PNLPA,Coquimbo [El Panul]
2024-01-01 09:00:00,-29.998736,-71.39852,1004.067,1004.192,1004.302,PNLPA,Coquimbo [El Panul]
2024-01-01 10:00:00,-29.998736,-71.39852,1004.236,1004.41,1004.576,PNLPA,Coquimbo [El Panul]
2024-01-01 11:00:00,-29.998736,-71.39852,1004.622,1004.802,1004.949,PNLPA,Coquimbo [El Panul]
2024-01-01 12:00:00,-29.998736,-71.39852,1004.778,1004.92,1004.989,PNLPA,Coquimbo [El Panul]
2024-01-01 13:00:00,-29.998736,-71.39852,1004.643,1004.687,1004.757,PNLPA,Coquimbo [El Panul]
2024-01-01 14:00:00,-29.998736,-71.39852,1004.335,1004.476,1004.643,PNLPA,Coquimbo [El Panul]
2024-01-01 15:00:00,-29.998736,-71.39852,1003.705,1003.942,1004.232,PNLPA,Coquimbo [El Panul]
2024-01-01 16:00:00,-29.998736,-71.39852,1003.068,1003.368,1003.676,PNLPA,Coquimbo [El Panul]
2024-01-01 17:00:00,-29.998736,-71.39852,1002.227,1002.546,1002.822,PNLPA,Coquimbo [El Panul]
2024-01-01 18:00:00,-29.998736,-71.39852,1002.024,1002.103,1002.162,PNLPA,Coquimbo [El Panul]
2024-01-01 19:00:00,-29.998736,-71.39852,1002.072,1002.358,1002.514,PNLPA,Coquimbo [El Panul]
2024-01-01 20:00:00,-29.998736,-71.39852,1002.488,1002.488,1002.488,PNLPA,Coquimbo [El Panul]
2024-01-01 21:00:00,-29.24724,-71.467969,1015.615,1015.733,1015.858,MARPCHPA,Punta de Choros
2024-01-01 22:00:00,-29.24724,-71.467969,1015.763,1015.869,1015.959,MARPCHPA,Punta de Choros
2024-01-01 23:00:00,-29.24724,-71.467969,1015.315,1015.581,1015.843,MARPCHPA,Punta de Choros
2024-01-02 00:00:00,-29.24724,-71.467969,1014.946,1015.129,1015.324,MARPCHPA,Punta de Choros
2024-01-02 01:00:00,-29.24724,-71.467969,1014.462,1014.643,1014.823,MARPCHPA,Punta de Choros
2024-01-02 02:00:00,-29.24724,-71.467969,1014.208,1014.334,1014.517,MARPCHPA,Punta de Choros
2024-01-02 03:00:00,-29.24724,-71.467969,1013.96,1014.043,1014.224,MARPCHPA,Punta de Choros
2024-01-02 04:00:00,-29.24724,-71.467969,1013.996,1014.107,1014.193,MARPCHPA,Punta de Choros
2024-01-02 05:00:00,-29.24724,-71.467969,1014.222,1014.544,1014.83,MARPCHPA,Punta de Choros
2024-01-02 06:00:00,-29.24724,-71.467969,1015.074,1015.208,1015.294,MARPCHPA,Punta de Choros
2024-01-02 07:00:00,-29.24724,-71.467969,1015.406,1015.664,1015.85,MARPCHPA,Punta de Choros
2024-01-02 08:00:00,-29.24724,-71.467969,1015.878,1016.069,1016.187,MARPCHPA,Punta de Choros
2024-01-02 09:00:00,-29.24724,-71.467969,1015.938,1016.017,1016.185,MARPCHPA,Punta de Choros
2024-01-02 10:00:00,-29.24724,-71.467969,1016.022,1016.219,1016.309,MARPCHPA,Punta de Choros
2024-01-02 11:00:00,-29.24724,-71.467969,1016.331,1016.493,1016.563,MARPCHPA,Punta de Choros
2024-01-02 12:00:00,-29.24724,-71.467969,1016.578,1016.652,1016.721,MARPCHPA,Punta de Choros
2024-01-02 13:00:00,-29.24724,-71.467969,1016.271,1016.489,1016.742,MARPCHPA,Punta de Choros
2024-01-02 14:00:00,-29.24724,-71.467969,1015.723,1015.952,1016.291,MARPCHPA,Punta de Choros
2024-01-02 15:00:00,-29.24724,-71.467969,1015.638,1015.792,1015.945,MARPCHPA,Punta de Choros
2024-01-02 16:00:00,-29.24724,-71.467969,1014.951,1015.33,1015.673,MARPCHPA,Punta de Choros
2024-01-02 17:00:00,-29.24724,-71.467969,1014.246,1014.558,1014.841,MARPCHPA,Punta de Choros
2024-01-02 18:00:00,-29.24724,-71.467969,1014.192,1014.279,1014.368,MARPCHPA,Punta de Choros
2024-01-02 19:00:00,-29.24724,-71.467969,1014.347,1014.543,1014.75,MARPCHPA,Punta de Choros
2024-01-02 20:00:00,-29.24724,-71.467969,1014.822,1014.822,1014.822,MARPCHPA,Punta de Choros
2024-01-01 21:00:00,-29.754064,-71.257442,997.598,997.681,997.775,RMRPA,La Serena [El Romeral]
2024-01-01 22:00:00,-29.754064,-71.257442,997.476,997.664,997.778,RMRPA,La Serena [El Romeral]
2024-01-01 23:00:00,-29.754064,-71.257442,997.2,997.32,997.491,RMRPA,La Serena [El Romeral]
2024-01-02 00:00:00,-29.754064,-71.257442,996.911,997.106,997.286,RMRPA,La Serena [El Romeral]
2024-01-02 01:00:00,-29.754064,-71.257442,996.569,996.681,996.794,RMRPA,La Serena [El Romeral]
2024-01-02 02:00:00,-29.754064,-71.257442,996.427,996.56,996.73,RMRPA,La Serena [El Romeral]
2024-01-02 03:00:00,-29.754064,-71.257442,996.156,996.232,996.317,RMRPA,La Serena [El Romeral]
2024-01-02 04:00:00,-29.754064,-71.257442,996.077,996.178,996.26,RMRPA,La Serena [El Romeral]
2024-01-02 05:00:00,-29.754064,-71.257442,996.296,996.527,996.903,RMRPA,La Serena [El Romeral]
2024-01-02 06:00:00,-29.754064,-71.257442,997.021,997.07,997.133,RMRPA,La Serena [El Romeral]
2024-01-02 07:00:00,-29.754064,-71.257442,997.315,997.628,997.781,RMRPA,La Serena [El Romeral]
2024-01-02 08:00:00,-29.754064,-71.257442,997.751,997.86,997.941,RMRPA,La Serena [El Romeral]
2024-01-02 09:00:00,-29.754064,-71.257442,997.551,997.677,997.792,RMRPA,La Serena [El Romeral]
2024-01-02 10:00:00,-29.754064,-71.257442,997.604,997.676,997.757,RMRPA,La Serena [El Romeral]
2024-01-02 11:00:00,-29.754064,-71.257442,997.621,997.749,997.842,RMRPA,La Serena [El Romeral]
2024-01-02 12:00:00,-29.754064,-71.257442,997.821,997.967,998.112,RMRPA,La Serena [El Romeral]
2024-01-02 13:00:00,-29.754064,-71.257442,997.905,998.034,998.176,RMRPA,La Serena [El Romeral]
2024-01-02 14:00:00,-29.754064,-71.257442,997.575,997.655,997.789,RMRPA,La Serena [El Romeral]
2024-01-02 15:00:00,-29.754064,-71.257442,997.777,997.962,998.05,RMRPA,La Serena [El Romeral]
2024-01-02 16:00:00,-29.754064,-71.257442,997.399,997.678,997.861,RMRPA,La Serena [El Romeral]
2024-01-02 17:00:00,-29.754064,-71.257442,996.76,997.041,997.302,RMRPA,La Serena [El Romeral]
2024-01-02 18:00:00,-29.754064,-71.257442,996.66,996.738,996.797,RMRPA,La Serena [El Romeral]
2024-01-02 19:00:00,-29.754064,-71.257442,996.796,997.002,997.162,RMRPA,La Serena [El Romeral]
2024-01-02 20:00:00,-29.754064,-71.257442,997.202,997.202,997.202,RMRPA,La Serena [El Romeral]
2024-01-01 21:00:00,-29.915015,-71.242214,1004.645,1004.835,1005.012,LSCPA,La Serena [CEAZA]
2024-01-01 22:00:00,-29.915015,-71.242214,1004.766,1004.933,1005.025,LSCPA,La Serena [CEAZA]
2024-01-01 23:00:00,-29.915015,-71.242214,1004.545,1004.634,1004.734,LSCPA,La Serena [CEAZA]
2024-01-02 00:00:00,-29.915015,-71.242214,1004.105,1004.335,1004.497,LSCPA,La Serena [CEAZA]
2024-01-02 01:00:00,-29.915015,-71.242214,1003.743,1003.857,1004.066,LSCPA,La Serena [CEAZA]
2024-01-02 02:00:00,-29.915015,-71.242214,1003.595,1003.702,1003.816,LSCPA,La Serena [CEAZA]
2024-01-02 03:00:00,-29.915015,-71.242214,1003.319,1003.425,1003.533,LSCPA,La Serena [CEAZA]
2024-01-02 04:00:00,-29.915015,-71.242214,1003.257,1003.317,1003.369,LSCPA,La Serena [CEAZA]
2024-01-02 05:00:00,-29.915015,-71.242214,1003.525,1003.759,1004.044,LSCPA,La Serena [CEAZA]
2024-01-02 06:00:00,-29.915015,-71.242214,1004.198,1004.336,1004.475,LSCPA,La Serena [CEAZA]
2024-01-02 07:00:00,-29.915015,-71.242214,1004.61,1004.876,1005.022,LSCPA,La Serena [CEAZA]
2024-01-02 08:00:00,-29.915015,-71.242214,1005.016,1005.125,1005.212,LSCPA,La Serena [CEAZA]
2024-01-02 09:00:00,-29.915015,-71.242214,1005.033,1005.058,1005.096,LSCPA,La Serena [CEAZA]
2024-01-02 10:00:00,-29.915015,-71.242214,1005.056,1005.132,1005.208,LSCPA,La Serena [CEAZA]
2024-01-02 11:00:00,-29.915015,-71.242214,1005.304,1005.426,1005.49,LSCPA,La Serena [CEAZA]
2024-01-02 12:00:00,-29.915015,-71.242214,1005.585,1005.692,1005.841,LSCPA,La Serena [CEAZA]
2024-01-02 13:00:00,-29.915015,-71.242214,1005.506,1005.67,1005.784,LSCPA,La Serena [CEAZA]
2024-01-02 14:00:00,-29.915015,-71.242214,1005.042,1005.155,1005.328,LSCPA,La Serena [CEAZA]
2024-01-02 15:00:00,-29.915015,-71.242214,1004.875,1005.072,1005.178,LSCPA,La Serena [CEAZA]
2024-01-02 16:00:00,-29.915015,-71.242214,1004.365,1004.62,1004.8,LSCPA,La Serena [CEAZA]
2024-01-02 17:00:00,-29.915015,-71.242214,1003.76,1004.01,1004.23,LSCPA,La Serena [CEAZA]
2024-01-02 18:00:00,-29.915015,-71.242214,1003.786,1003.847,1003.917,LSCPA,La Serena [CEAZA]
2024-01-02 19:00:00,-29.915015,-71.242214,1003.947,1004.088,1004.245,LSCPA,La Serena [CEAZA]
2024-01-02 20:00:00,-29.915015,-71.242214,1004.398,1004.398,1004.398,LSCPA,La Serena [CEAZA]
2024-01-01 21:00:00,-29.97852,-71.080386,992.133,992.397,992.656,RMPPA,Gabriela Mistral
2024-01-01 22:00:00,-29.97852,-71.080386,992.426,992.586,992.651,RMPPA,Gabriela Mistral
2024-01-01 23:00:00,-29.97852,-71.080386,992.019,992.154,992.317,RMPPA,Gabriela Mistral
2024-01-02 00:00:00,-29.97852,-71.080386,991.491,991.713,991.929,RMPPA,Gabriela Mistral
2024-01-02 01:00:00,-29.97852,-71.080386,991.195,991.374,991.5,RMPPA,Gabriela Mistral
2024-01-02 02:00:00,-29.97852,-71.080386,991.09,991.138,991.175,RMPPA,Gabriela Mistral
2024-01-02 03:00:00,-29.97852,-71.080386,991.001,991.073,991.127,RMPPA,Gabriela Mistral
2024-01-02 04:00:00,-29.97852,-71.080386,990.824,990.958,991.04,RMPPA,Gabriela Mistral
2024-01-02 05:00:00,-29.97852,-71.080386,990.817,991.132,991.423,RMPPA,Gabriela Mistral
2024-01-02 06:00:00,-29.97852,-71.080386,991.694,991.855,991.946,RMPPA,Gabriela Mistral
2024-01-02 07:00:00,-29.97852,-71.080386,992.09,992.389,992.636,RMPPA,Gabriela Mistral
2024-01-02 08:00:00,-29.97852,-71.080386,992.519,992.553,992.579,RMPPA,Gabriela Mistral
2024-01-02 09:00:00,-29.97852,-71.080386,992.304,992.41,992.529,RMPPA,Gabriela Mistral
2024-01-02 10:00:00,-29.97852,-71.080386,992.294,992.326,992.361,RMPPA,Gabriela Mistral
2024-01-02 11:00:00,-29.97852,-71.080386,992.252,992.339,992.451,RMPPA,Gabriela Mistral
2024-01-02 12:00:00,-29.97852,-71.080386,992.278,992.43,992.538,RMPPA,Gabriela Mistral
2024-01-02 13:00:00,-29.97852,-71.080386,992.326,992.471,992.554,RMPPA,Gabriela Mistral
2024-01-02 14:00:00,-29.97852,-71.080386,991.66,991.869,992.15,RMPPA,Gabriela Mistral
2024-01-02 15:00:00,-29.97852,-71.080386,991.574,991.75,991.855,RMPPA,Gabriela Mistral
2024-01-02 16:00:00,-29.97852,-71.080386,991.254,991.399,991.539,RMPPA,Gabriela Mistral
2024-01-02 17:00:00,-29.97852,-71.080386,990.755,990.901,991.119,RMPPA,Gabriela Mistral
2024-01-02 18:00:00,-29.97852,-71.080386,990.734,990.812,990.944,RMPPA,Gabriela Mistral
2024-01-02 19:00:00,-29.97852,-71.080386,990.983,991.189,991.43,RMPPA,Gabriela Mistral
2024-01-02 20:00:00,-29.97852,-71.080386,991.485,991.485,991.485,RMPPA,Gabriela Mistral
2024-01-01 21:00:00,-29.998736,-71.39852,1002.869,1002.968,1003.11,PNLPA,Coquimbo [El Panul]
2024-01-01 22:00:00,-29.998736,-71.39852,1003.111,1003.201,1003.31,PNLPA,Coquimbo [El Panul]
2024-01-01 23:00:00,-29.998736,-71.39852,1003.047,1003.153,1003.226,PNLPA,Coquimbo [El Panul]
2024-01-02 00:00:00,-29.998736,-71.39852,1002.56,1002.815,1002.971,PNLPA,Coquimbo [El Panul]
2024-01-02 01:00:00,-29.998736,-71.39852,1002.211,1002.339,1002.506,PNLPA,Coquimbo [El Panul]
2024-01-02 02:00:00,-29.998736,-71.39852,1001.813,1002.015,1002.206,PNLPA,Coquimbo [El Panul]
2024-01-02 03:00:00,-29.998736,-71.39852,1001.54,1001.654,1001.767,PNLPA,Coquimbo [El Panul]
2024-01-02 04:00:00,-29.998736,-71.39852,1001.488,1001.595,1001.694,PNLPA,Coquimbo [El Panul]
2024-01-02 05:00:00,-29.998736,-71.39852,1001.77,1002.07,1002.427,PNLPA,Coquimbo [El Panul]
2024-01-02 06:00:00,-29.998736,-71.39852,1002.465,1002.691,1003.05,PNLPA,Coquimbo [El Panul]
2024-01-02 07:00:00,-29.998736,-71.39852,1003.101,1003.275,1003.368,PNLPA,Coquimbo [El Panul]
2024-01-02 08:00:00,-29.998736,-71.39852,1003.375,1003.455,1003.506,PNLPA,Coquimbo [El Panul]
2024-01-02 09:00:00,-29.998736,-71.39852,1003.361,1003.377,1003.416,PNLPA,Coquimbo [El Panul]
2024-01-02 10:00:00,-29.998736,-71.39852,1003.413,1003.546,1003.654,PNLPA,Coquimbo [El Panul]
2024-01-02 11:00:00,-29.998736,-71.39852,1003.663,1003.709,1003.749,PNLPA,Coquimbo [El Panul]
2024-01-02 12:00:00,-29.998736,-71.39852,1003.868,1004.043,1004.173,PNLPA,Coquimbo [El Panul]
2024-01-02 13:00:00,-29.998736,-71.39852,1003.692,1003.975,1004.181,PNLPA,Coquimbo [El Panul]
2024-01-02 14:00:00,-29.998736,-71.39852,1003.662,1003.699,1003.746,PNLPA,Coquimbo [El Panul]
2024-01-02 15:00:00,-29.998736,-71.39852,1003.454,1003.657,1003.744,PNLPA,Coquimbo [El Panul]
2024-01-02 16:00:00,-29.998736,-71.39852,1002.859,1003.12,1003.359,PNLPA,Coquimbo [El Panul]
2024-01-02 17:00:00,-29.998736,-71.39852,1002.284,1002.463,1002.724,PNLPA,Coquimbo [El Panul]
2024-01-02 18:00:00,-29.998736,-71.39852,1002.067,1002.174,1002.349,PNLPA,Coquimbo [El Panul]
2024-01-02 19:00:00,-29.998736,-71.39852,1002.103,1002.321,1002.527,PNLPA,Coquimbo [El Panul]
2024-01-02 20:00:00,-29.998736,-71.39852,1002.561,1002.561,1002.561,PNLPA,Coquimbo [El Panul]
2024-01-02 21:00:00,-29.24724,-71.467969,1015.126,1015.229,1015.402,MARPCHPA,Punta de Choros
2024-01-02 22:00:00,-29.24724,-71.467969,1015.28,1015.324,1015.393,MARPCHPA,Punta de Choros
2024-01-02 23:00:00,-29.24724,-71.467969,1015.036,1015.233,1015.405,MARPCHPA,Punta de Choros
2024-01-03 00:00:00,-29.24724,-71.467969,1014.742,1014.87,1015.018,MARPCHPA,Punta de Choros
2024-01-03 01:00:00,-29.24724,-71.467969,1014.674,1014.815,1015.008,MARPCHPA,Punta de Choros
2024-01-03 02:00:00,-29.24724,-71.467969,1014.43,1014.6,1014.745,MARPCHPA,Punta de Choros
2024-01-03 03:00:00,-29.24724,-71.467969,1014.357,1014.526,1014.614,MARPCHPA,Punta de Choros
2024-01-03 04:00:00,-29.24724,-71.467969,1014.559,1014.813,1014.954,MARPCHPA,Punta de Choros
2024-01-03 05:00:00,-29.24724,-71.467969,1015.016,1015.282,1015.541,MARPCHPA,Punta de Choros
2024-01-03 06:00:00,-29.24724,-71.467969,1015.626,1015.924,1016.171,MARPCHPA,Punta de Choros
2024-01-03 07:00:00,-29.24724,-71.467969,1016.291,1016.511,1016.645,MARPCHPA,Punta de Choros
2024-01-03 08:00:00,-29.24724,-71.467969,1016.748,1017.001,1017.19,MARPCHPA,Punta de Choros
2024-01-03 09:00:00,-29.24724,-71.467969,1017.199,1017.256,1017.406,MARPCHPA,Punta de Choros
2024-01-03 10:00:00,-29.24724,-71.467969,1017.184,1017.232,1017.402,MARPCHPA,Punta de Choros
2024-01-03 11:00:00,-29.24724,-71.467969,1016.871,1017.091,1017.312,MARPCHPA,Punta de Choros
2024-01-03 12:00:00,-29.24724,-71.467969,1016.445,1016.642,1016.898,MARPCHPA,Punta de Choros
2024-01-03 13:00:00,-29.24724,-71.467969,1015.877,1016.132,1016.428,MARPCHPA,Punta de Choros
2024-01-03 14:00:00,-29.24724,-71.467969,1015.051,1015.393,1015.765,MARPCHPA,Punta de Choros
2024-01-03 15:00:00,-29.24724,-71.467969,1014.077,1014.501,1014.953,MARPCHPA,Punta de Choros
2024-01-03 16:00:00,-29.24724,-71.467969,1013.25,1013.656,1014.001,MARPCHPA,Punta de Choros
2024-01-03 17:00:00,-29.24724,-71.467969,1013.089,1013.149,1013.285,MARPCHPA,Punta de Choros
2024-01-03 18:00:00,-29.24724,-71.467969,1013.088,1013.156,1013.205,MARPCHPA,Punta de Choros
2024-01-03 19:00:00,-29.24724,-71.467969,1013.193,1013.414,1013.543,MARPCHPA,Punta de Choros
2024-01-03 20:00:00,-29.24724,-71.467969,1013.531,1013.531,1013.531,MARPCHPA,Punta de Choros
2024-01-02 21:00:00,-29.754064,-71.257442,997.567,997.606,997.696,RMRPA,La Serena [El Romeral]
2024-01-02 22:00:00,-29.754064,-71.257442,997.465,997.603,997.703,RMRPA,La Serena [El Romeral]
2024-01-02 23:00:00,-29.754064,-71.257442,997.199,997.38,997.481,RMRPA,La Serena [El Romeral]
2024-01-03 00:00:00,-29.754064,-71.257442,996.775,996.953,997.116,RMRPA,La Serena [El Romeral]
2024-01-03 01:00:00,-29.754064,-71.257442,996.562,996.745,996.883,RMRPA,La Serena [El Romeral]
2024-01-03 02:00:00,-29.754064,-71.257442,996.436,996.52,996.59,RMRPA,La Serena [El Romeral]
2024-01-03 03:00:00,-29.754064,-71.257442,996.485,996.522,996.567,RMRPA,La Serena [El Romeral]
2024-01-03 04:00:00,-29.754064,-71.257442,996.598,996.828,997.047,RMRPA,La Serena [El Romeral]
2024-01-03 05:00:00,-29.754064,-71.257442,997.123,997.422,997.69,RMRPA,La Serena [El Romeral]
2024-01-03 06:00:00,-29.754064,-71.257442,997.744,998.008,998.293,RMRPA,La Serena [El Romeral]
2024-01-03 07:00:00,-29.754064,-71.257442,998.397,998.683,998.886,RMRPA,La Serena [El Romeral]
2024-01-03 08:00:00,-29.754064,-71.257442,998.971,999.184,999.37,RMRPA,La Serena [El Romeral]
2024-01-03 09:00:00,-29.754064,-71.257442,999.374,999.483,999.538,RMRPA,La Serena [El Romeral]
2024-01-03 10:00:00,-29.754064,-71.257442,999.356,999.449,999.528,RMRPA,La Serena [El Romeral]
2024-01-03 11:00:00,-29.754064,-71.257442,999.101,999.209,999.344,RMRPA,La Serena [El Romeral]
2024-01-03 12:00:00,-29.754064,-71.257442,998.532,998.775,998.997,RMRPA,La Serena [El Romeral]
2024-01-03 13:00:00,-29.754064,-71.257442,997.932,998.239,998.474,RMRPA,La Serena [El Romeral]
2024-01-03 14:00:00,-29.754064,-71.257442,997.052,997.483,997.844,RMRPA,La Serena [El Romeral]
2024-01-03 15:00:00,-29.754064,-71.257442,996.395,996.637,996.915,RMRPA,La Serena [El Romeral]
2024-01-03 16:00:00,-29.754064,-71.257442,995.856,996.12,996.335,RMRPA,La Serena [El Romeral]
2024-01-03 17:00:00,-29.754064,-71.257442,995.517,995.624,995.755,RMRPA,La Serena [El Romeral]
2024-01-03 18:00:00,-29.754064,-71.257442,995.601,995.662,995.723,RMRPA,La Serena [El Romeral]
2024-01-03 19:00:00,-29.754064,-71.257442,995.736,995.939,996.06,RMRPA,La Serena [El Romeral]
2024-01-03 20:00:00,-29.754064,-71.257442,996.045,996.045,996.045,RMRPA,La Serena [El Romeral]
2024-01-02 21:00:00,-29.915015,-71.242214,1004.533,1004.61,1004.678,LSCPA,La Serena [CEAZA]
2024-01-02 22:00:00,-29.915015,-71.242214,1004.537,1004.66,1004.735,LSCPA,La Serena [CEAZA]
2024-01-02 23:00:00,-29.915015,-71.242214,1004.325,1004.477,1004.591,LSCPA,La Serena [CEAZA]
2024-01-03 00:00:00,-29.915015,-71.242214,1003.955,1004.146,1004.303,LSCPA,La Serena [CEAZA]
2024-01-03 01:00:00,-29.915015,-71.242214,1003.846,1003.953,1004.032,LSCPA,La Serena [CEAZA]
2024-01-03 02:00:00,-29.915015,-71.242214,1003.805,1003.845,1003.905,LSCPA,La Serena [CEAZA]
2024-01-03 03:00:00,-29.915015,-71.242214,1003.703,1003.762,1003.816,LSCPA,La Serena [CEAZA]
2024-01-03 04:00:00,-29.915015,-71.242214,1003.861,1004.084,1004.331,LSCPA,La Serena [CEAZA]
2024-01-03 05:00:00,-29.915015,-71.242214,1004.339,1004.663,1004.935,LSCPA,La Serena [CEAZA]
2024-01-03 06:00:00,-29.915015,-71.242214,1005.018,1005.324,1005.611,LSCPA,La Serena [CEAZA]
2024-01-03 07:00:00,-29.915015,-71.242214,1005.734,1006.068,1006.374,LSCPA,La Serena [CEAZA]
2024-01-03 08:00:00,-29.915015,-71.242214,1006.34,1006.625,1006.885,LSCPA,La Serena [CEAZA]
2024-01-03 09:00:00,-29.915015,-71.242214,1006.933,1006.999,1007.042,LSCPA,La Serena [CEAZA]
2024-01-03 10:00:00,-29.915015,-71.242214,1006.922,1006.987,1007.064,LSCPA,La Serena [CEAZA]
2024-01-03 11:00:00,-29.915015,-71.242214,1006.472,1006.684,1006.842,LSCPA,La Serena [CEAZA]
2024-01-03 12:00:00,-29.915015,-71.242214,1006.02,1006.212,1006.437,LSCPA,La Serena [CEAZA]
2024-01-03 13:00:00,-29.915015,-71.242214,1005.279,1005.595,1005.884,LSCPA,La Serena [CEAZA]
2024-01-03 14:00:00,-29.915015,-71.242214,1004.47,1004.867,1005.16,LSCPA,La Serena [CEAZA]
2024-01-03 15:00:00,-29.915015,-71.242214,1003.781,1004.015,1004.288,LSCPA,La Serena [CEAZA]
2024-01-03 16:00:00,-29.915015,-71.242214,1003.111,1003.39,1003.668,LSCPA,La Serena [CEAZA]
2024-01-03 17:00:00,-29.915015,-71.242214,1002.609,1002.748,1002.916,LSCPA,La Serena [CEAZA]
2024-01-03 18:00:00,-29.915015,-71.242214,1002.573,1002.607,1002.68,LSCPA,La Serena [CEAZA]
2024-01-03 19:00:00,-29.915015,-71.242214,1002.789,1002.867,1002.957,LSCPA,La Serena [CEAZA]
2024-01-03 20:00:00,-29.915015,-71.242214,1003.029,1003.029,1003.029,LSCPA,La Serena [CEAZA]
2024-01-02 21:00:00,-29.97852,-71.080386,992.005,992.089,992.179,RMPPA,Gabriela Mistral
2024-01-02 22:00:00,-29.97852,-71.080386,992.083,992.177,992.257,RMPPA,Gabriela Mistral
2024-01-02 23:00:00,-29.97852,-71.080386,991.914,991.963,991.999,RMPPA,Gabriela Mistral
2024-01-03 00:00:00,-29.97852,-71.080386,991.494,991.668,991.792,RMPPA,Gabriela Mistral
2024-01-03 01:00:00,-29.97852,-71.080386,991.322,991.363,991.429,RMPPA,Gabriela Mistral
2024-01-03 02:00:00,-29.97852,-71.080386,991.255,991.288,991.315,RMPPA,Gabriela Mistral
2024-01-03 03:00:00,-29.97852,-71.080386,991.243,991.272,991.302,RMPPA,Gabriela Mistral
2024-01-03 04:00:00,-29.97852,-71.080386,991.32,991.509,991.804,RMPPA,Gabriela Mistral
2024-01-03 05:00:00,-29.97852,-71.080386,991.913,992.13,992.476,RMPPA,Gabriela Mistral
2024-01-03 06:00:00,-29.97852,-71.080386,992.626,992.901,993.22,RMPPA,Gabriela Mistral
2024-01-03 07:00:00,-29.97852,-71.080386,993.257,993.473,993.694,RMPPA,Gabriela Mistral
2024-01-03 08:00:00,-29.97852,-71.080386,993.808,993.994,994.2,RMPPA,Gabriela Mistral
2024-01-03 09:00:00,-29.97852,-71.080386,994.328,994.36,994.38,RMPPA,Gabriela Mistral
2024-01-03 10:00:00,-29.97852,-71.080386,994.363,994.395,994.407,RMPPA,Gabriela Mistral
2024-01-03 11:00:00,-29.97852,-71.080386,993.916,994.176,994.361,RMPPA,Gabriela Mistral
2024-01-03 12:00:00,-29.97852,-71.080386,993.087,993.413,993.745,RMPPA,Gabriela Mistral
2024-01-03 13:00:00,-29.97852,-71.080386,992.126,992.53,992.869,RMPPA,Gabriela Mistral
2024-01-03 14:00:00,-29.97852,-71.080386,991.268,991.696,992.007,RMPPA,Gabriela Mistral
2024-01-03 15:00:00,-29.97852,-71.080386,990.491,990.769,991.154,RMPPA,Gabriela Mistral
2024-01-03 16:00:00,-29.97852,-71.080386,989.887,990.122,990.366,RMPPA,Gabriela Mistral
2024-01-03 17:00:00,-29.97852,-71.080386,989.386,989.55,989.736,RMPPA,Gabriela Mistral
2024-01-03 18:00:00,-29.97852,-71.080386,989.334,989.477,989.601,RMPPA,Gabriela Mistral
2024-01-03 19:00:00,-29.97852,-71.080386,989.839,990.04,990.256,RMPPA,Gabriela Mistral
2024-01-03 20:00:00,-29.97852,-71.080386,990.271,990.271,990.271,RMPPA,Gabriela Mistral
2024-01-02 21:00:00,-29.998736,-71.39852,1002.709,1002.761,1002.812,PNLPA,Coquimbo [El Panul]
2024-01-02 22:00:00,-29.998736,-71.39852,1002.774,1002.854,1002.966,PNLPA,Coquimbo [El Panul]
2024-01-02 23:00:00,-29.998736,-71.39852,1002.498,1002.688,1002.79,PNLPA,Coquimbo [El Panul]
2024-01-03 00:00:00,-29.998736,-71.39852,1002.292,1002.453,1002.598,PNLPA,Coquimbo [El Panul]
2024-01-03 01:00:00,-29.998736,-71.39852,1002.241,1002.313,1002.368,PNLPA,Coquimbo [El Panul]
2024-01-03 02:00:00,-29.998736,-71.39852,1002.147,1002.224,1002.311,PNLPA,Coquimbo [El Panul]
2024-01-03 03:00:00,-29.998736,-71.39852,1001.911,1001.979,1002.092,PNLPA,Coquimbo [El Panul]
2024-01-03 04:00:00,-29.998736,-71.39852,1002.217,1002.313,1002.464,PNLPA,Coquimbo [El Panul]
2024-01-03 05:00:00,-29.998736,-71.39852,1002.39,1002.703,1002.98,PNLPA,Coquimbo [El Panul]
2024-01-03 06:00:00,-29.998736,-71.39852,1003.071,1003.442,1003.792,PNLPA,Coquimbo [El Panul]
2024-01-03 07:00:00,-29.998736,-71.39852,1003.964,1004.289,1004.62,PNLPA,Coquimbo [El Panul]
2024-01-03 08:00:00,-29.998736,-71.39852,1004.703,1004.933,1005.212,PNLPA,Coquimbo [El Panul]
2024-01-03 09:00:00,-29.998736,-71.39852,1005.28,1005.417,1005.473,PNLPA,Coquimbo [El Panul]
2024-01-03 10:00:00,-29.998736,-71.39852,1005.307,1005.385,1005.49,PNLPA,Coquimbo [El Panul]
2024-01-03 11:00:00,-29.998736,-71.39852,1004.917,1005.158,1005.302,PNLPA,Coquimbo [El Panul]
2024-01-03 12:00:00,-29.998736,-71.39852,1004.416,1004.704,1005.004,PNLPA,Coquimbo [El Panul]
2024-01-03 13:00:00,-29.998736,-71.39852,1003.901,1004.18,1004.384,PNLPA,Coquimbo [El Panul]
2024-01-03 14:00:00,-29.998736,-71.39852,1003.054,1003.441,1003.738,PNLPA,Coquimbo [El Panul]
2024-01-03 15:00:00,-29.998736,-71.39852,1002.416,1002.661,1002.965,PNLPA,Coquimbo [El Panul]
2024-01-03 16:00:00,-29.998736,-71.39852,1001.673,1001.997,1002.289,PNLPA,Coquimbo [El Panul]
2024-01-03 17:00:00,-29.998736,-71.39852,1001.111,1001.293,1001.538,PNLPA,Coquimbo [El Panul]
2024-01-03 18:00:00,-29.998736,-71.39852,1000.969,1001.048,1001.124,PNLPA,Coquimbo [El Panul]
2024-01-03 19:00:00,-29.998736,-71.39852,1001.16,1001.266,1001.331,PNLPA,Coquimbo [El Panul]
2024-01-03 20:00:00,-29.998736,-71.39852,1001.284,1001.284,1001.284,PNLPA,Coquimbo [El Panul]
2024-01-03 21:00:00,-29.24724,-71.467969,1013.54,1013.616,1013.719,MARPCHPA,Punta de Choros
2024-01-03 22:00:00,-29.24724,-71.467969,1013.78,1013.991,1014.119,MARPCHPA,Punta de Choros
2024-01-03 23:00:00,-29.24724,-71.467969,1014.27,1014.469,1014.679,MARPCHPA,Punta de Choros
2024-01-04 00:00:00,-29.24724,-71.467969,1014.667,1014.701,1014.846,MARPCHPA,Punta de Choros
2024-01-04 01:00:00,-29.24724,-71.467969,1014.639,1014.692,1014.848,MARPCHPA,Punta de Choros
2024-01-04 02:00:00,-29.24724,-71.467969,1014.417,1014.542,1014.718,MARPCHPA,Punta de Choros
2024-01-04 03:00:00,-29.24724,-71.467969,1014.426,1014.514,1014.615,MARPCHPA,Punta de Choros
2024-01-04 04:00:00,-29.24724,-71.467969,1014.632,1014.741,1014.846,MARPCHPA,Punta de Choros
2024-01-04 05:00:00,-29.24724,-71.467969,1014.998,1015.296,1015.562,MARPCHPA,Punta de Choros
2024-01-04 06:00:00,-29.24724,-71.467969,1015.82,1016.126,1016.385,MARPCHPA,Punta de Choros
2024-01-04 07:00:00,-29.24724,-71.467969,1016.546,1016.792,1016.997,MARPCHPA,Punta de Choros
2024-01-04 08:00:00,-29.24724,-71.467969,1017.02,1017.267,1017.478,MARPCHPA,Punta de Choros
2024-01-04 09:00:00,-29.24724,-71.467969,1017.504,1017.675,1017.824,MARPCHPA,Punta de Choros
2024-01-04 10:00:00,-29.24724,-71.467969,1017.835,1017.954,1018.054,MARPCHPA,Punta de Choros
2024-01-04 11:00:00,-29.24724,-71.467969,1018.072,1018.128,1018.278,MARPCHPA,Punta de Choros
2024-01-04 12:00:00,-29.24724,-71.467969,1017.594,1017.832,1018.138,MARPCHPA,Punta de Choros
2024-01-04 13:00:00,-29.24724,-71.467969,1017.332,1017.478,1017.686,MARPCHPA,Punta de Choros
2024-01-04 14:00:00,-29.24724,-71.467969,1016.964,1017.116,1017.35,MARPCHPA,Punta de Choros
2024-01-04 15:00:00,-29.24724,-71.467969,1016.464,1016.711,1016.986,MARPCHPA,Punta de Choros
2024-01-04 16:00:00,-29.24724,-71.467969,1016.119,1016.366,1016.585,MARPCHPA,Punta de Choros
2024-01-04 17:00:00,-29.24724,-71.467969,1015.516,1015.756,1016.015,MARPCHPA,Punta de Choros
2024-01-04 18:00:00,-29.24724,-71.467969,1015.484,1015.541,1015.724,MARPCHPA,Punta de Choros
2024-01-04 19:00:00,-29.24724,-71.467969,1015.55,1015.767,1015.854,MARPCHPA,Punta de Choros
2024-01-04 20:00:00,-29.24724,-71.467969,1015.861,1015.861,1015.861,MARPCHPA,Punta de Choros
2024-01-03 21:00:00,-29.754064,-71.257442,995.972,996.015,996.065,RMRPA,La Serena [El Romeral]
2024-01-03 22:00:00,-29.754064,-71.257442,996.161,996.384,996.58,RMRPA,La Serena [El Romeral]
2024-01-03 23:00:00,-29.754064,-71.257442,996.576,996.695,996.787,RMRPA,La Serena [El Romeral]
2024-01-04 00:00:00,-29.754064,-71.257442,996.792,996.849,996.922,RMRPA,La Serena [El Romeral]
2024-01-04 01:00:00,-29.754064,-71.257442,996.84,996.901,996.979,RMRPA,La Serena [El Romeral]
2024-01-04 02:00:00,-29.754064,-71.257442,996.64,996.711,996.768,RMRPA,La Serena [El Romeral]
2024-01-04 03:00:00,-29.754064,-71.257442,996.657,996.787,996.871,RMRPA,La Serena [El Romeral]
2024-01-04 04:00:00,-29.754064,-71.257442,996.942,997.175,997.385,RMRPA,La Serena [El Romeral]
2024-01-04 05:00:00,-29.754064,-71.257442,997.505,997.706,997.934,RMRPA,La Serena [El Romeral]
2024-01-04 06:00:00,-29.754064,-71.257442,998.212,998.459,998.698,RMRPA,La Serena [El Romeral]
2024-01-04 07:00:00,-29.754064,-71.257442,998.837,999.109,999.39,RMRPA,La Serena [El Romeral]
2024-01-04 08:00:00,-29.754064,-71.257442,999.447,999.567,999.75,RMRPA,La Serena [El Romeral]
2024-01-04 09:00:00,-29.754064,-71.257442,999.872,1000.042,1000.198,RMRPA,La Serena [El Romeral]
2024-01-04 10:00:00,-29.754064,-71.257442,1000.287,1000.314,1000.342,RMRPA,La Serena [El Romeral]
2024-01-04 11:00:00,-29.754064,-71.257442,1000.106,1000.244,1000.422,RMRPA,La Serena [El Romeral]
2024-01-04 12:00:00,-29.754064,-71.257442,999.993,1000.041,1000.089,RMRPA,La Serena [El Romeral]
2024-01-04 13:00:00,-29.754064,-71.257442,999.758,999.932,1000.028,RMRPA,La Serena [El Romeral]
2024-01-04 14:00:00,-29.754064,-71.257442,999.272,999.461,999.669,RMRPA,La Serena [El Romeral]
2024-01-04 15:00:00,-29.754064,-71.257442,998.794,998.996,999.215,RMRPA,La Serena [El Romeral]
2024-01-04 16:00:00,-29.754064,-71.257442,998.258,998.568,998.826,RMRPA,La Serena [El Romeral]
2024-01-04 17:00:00,-29.754064,-71.257442,997.884,998.063,998.197,RMRPA,La Serena [El Romeral]
2024-01-04 18:00:00,-29.754064,-71.257442,997.812,997.955,998.105,RMRPA,La Serena [El Romeral]
2024-01-04 19:00:00,-29.754064,-71.257442,998.105,998.315,998.472,RMRPA,La Serena [El Romeral]
2024-01-04 20:00:00,-29.754064,-71.257442,998.469,998.469,998.469,RMRPA,La Serena [El Romeral]
2024-01-03 21:00:00,-29.915015,-71.242214,1002.918,1002.998,1003.129,LSCPA,La Serena [CEAZA]
2024-01-03 22:00:00,-29.915015,-71.242214,1003.14,1003.446,1003.656,LSCPA,La Serena [CEAZA]
2024-01-03 23:00:00,-29.915015,-71.242214,1003.67,1003.767,1003.893,LSCPA,La Serena [CEAZA]
2024-01-04 00:00:00,-29.915015,-71.242214,1003.813,1003.921,1004.026,LSCPA,La Serena [CEAZA]
2024-01-04 01:00:00,-29.915015,-71.242214,1004.018,1004.072,1004.135,LSCPA,La Serena [CEAZA]
2024-01-04 02:00:00,-29.915015,-71.242214,1003.935,1003.979,1004.021,LSCPA,La Serena [CEAZA]
2024-01-04 03:00:00,-29.915015,-71.242214,1003.957,1004.098,1004.27,LSCPA,La Serena [CEAZA]
2024-01-04 04:00:00,-29.915015,-71.242214,1004.276,1004.442,1004.665,LSCPA,La Serena [CEAZA]
2024-01-04 05:00:00,-29.915015,-71.242214,1004.713,1004.924,1005.226,LSCPA,La Serena [CEAZA]
2024-01-04 06:00:00,-29.915015,-71.242214,1005.286,1005.652,1006.013,LSCPA,La Serena [CEAZA]
2024-01-04 07:00:00,-29.915015,-71.242214,1006.145,1006.372,1006.667,LSCPA,La Serena [CEAZA]
2024-01-04 08:00:00,-29.915015,-71.242214,1006.804,1006.924,1007.138,LSCPA,La Serena [CEAZA]
2024-01-04 09:00:00,-29.915015,-71.242214,1007.307,1007.478,1007.65,LSCPA,La Serena [CEAZA]
2024-01-04 10:00:00,-29.915015,-71.242214,1007.729,1007.769,1007.816,LSCPA,La Serena [CEAZA]
2024-01-04 11:00:00,-29.915015,-71.242214,1007.473,1007.592,1007.727,LSCPA,La Serena [CEAZA]
2024-01-04 12:00:00,-29.915015,-71.242214,1007.52,1007.559,1007.604,LSCPA,La Serena [CEAZA]
2024-01-04 13:00:00,-29.915015,-71.242214,1007.292,1007.391,1007.427,LSCPA,La Serena [CEAZA]
2024-01-04 14:00:00,-29.915015,-71.242214,1006.505,1006.902,1007.158,LSCPA,La Serena [CEAZA]
2024-01-04 15:00:00,-29.915015,-71.242214,1006.157,1006.272,1006.436,LSCPA,La Serena [CEAZA]
2024-01-04 16:00:00,-29.915015,-71.242214,1005.533,1005.834,1006.102,LSCPA,La Serena [CEAZA]
2024-01-04 17:00:00,-29.915015,-71.242214,1005.129,1005.267,1005.391,LSCPA,La Serena [CEAZA]
2024-01-04 18:00:00,-29.915015,-71.242214,1005.054,1005.111,1005.172,LSCPA,La Serena [CEAZA]
2024-01-04 19:00:00,-29.915015,-71.242214,1005.253,1005.427,1005.583,LSCPA,La Serena [CEAZA]
2024-01-04 20:00:00,-29.915015,-71.242214,1005.683,1005.683,1005.683,LSCPA,La Serena [CEAZA]
2024-01-03 21:00:00,-29.97852,-71.080386,990.35,990.525,990.648,RMPPA,Gabriela Mistral
2024-01-03 22:00:00,-29.97852,-71.080386,990.671,990.866,991.086,RMPPA,Gabriela Mistral
2024-01-03 23:00:00,-29.97852,-71.080386,991.167,991.291,991.42,RMPPA,Gabriela Mistral
2024-01-04 00:00:00,-29.97852,-71.080386,991.395,991.487,991.642,RMPPA,Gabriela Mistral
2024-01-04 01:00:00,-29.97852,-71.080386,991.626,991.669,991.707,RMPPA,Gabriela Mistral
2024-01-04 02:00:00,-29.97852,-71.080386,991.497,991.568,991.655,RMPPA,Gabriela Mistral
2024-01-04 03:00:00,-29.97852,-71.080386,991.518,991.627,991.785,RMPPA,Gabriela Mistral
2024-01-04 04:00:00,-29.97852,-71.080386,991.727,991.92,992.033,RMPPA,Gabriela Mistral
2024-01-04 05:00:00,-29.97852,-71.080386,992.213,992.461,992.682,RMPPA,Gabriela Mistral
2024-01-04 06:00:00,-29.97852,-71.080386,992.884,993.197,993.468,RMPPA,Gabriela Mistral
2024-01-04 07:00:00,-29.97852,-71.080386,993.618,993.82,994.122,RMPPA,Gabriela Mistral
2024-01-04 08:00:00,-29.97852,-71.080386,994.162,994.239,994.382,RMPPA,Gabriela Mistral
2024-01-04 09:00:00,-29.97852,-71.080386,994.431,994.554,994.693,RMPPA,Gabriela Mistral
2024-01-04 10:00:00,-29.97852,-71.080386,994.522,994.736,994.91,RMPPA,Gabriela Mistral
2024-01-04 11:00:00,-29.97852,-71.080386,994.322,994.444,994.554,RMPPA,Gabriela Mistral
2024-01-04 12:00:00,-29.97852,-71.080386,994.113,994.161,994.243,RMPPA,Gabriela Mistral
2024-01-04 13:00:00,-29.97852,-71.080386,993.924,994.022,994.116,RMPPA,Gabriela Mistral
2024-01-04 14:00:00,-29.97852,-71.080386,993.252,993.661,993.916,RMPPA,Gabriela Mistral
2024-01-04 15:00:00,-29.97852,-71.080386,992.862,992.993,993.158,RMPPA,Gabriela Mistral
2024-01-04 16:00:00,-29.97852,-71.080386,992.348,992.589,992.795,RMPPA,Gabriela Mistral
2024-01-04 17:00:00,-29.97852,-71.080386,991.899,992.056,992.245,RMPPA,Gabriela Mistral
2024-01-04 18:00:00,-29.97852,-71.080386,991.923,992.005,992.097,RMPPA,Gabriela Mistral
2024-01-04 19:00:00,-29.97852,-71.080386,992.264,992.498,992.713,RMPPA,Gabriela Mistral
2024-01-04 20:00:00,-29.97852,-71.080386,992.777,992.777,992.777,RMPPA,Gabriela Mistral
2024-01-03 21:00:00,-29.998736,-71.39852,1001.095,1001.183,1001.328,PNLPA,Coquimbo [El Panul]
2024-01-03 22:00:00,-29.998736,-71.39852,1001.483,1001.67,1001.781,PNLPA,Coquimbo [El Panul]
2024-01-03 23:00:00,-29.998736,-71.39852,1001.653,1001.749,1001.786,PNLPA,Coquimbo [El Panul]
2024-01-04 00:00:00,-29.998736,-71.39852,1001.835,1001.923,1002.035,PNLPA,Coquimbo [El Panul]
2024-01-04 01:00:00,-29.998736,-71.39852,1002.027,1002.072,1002.12,PNLPA,Coquimbo [El Panul]
2024-01-04 02:00:00,-29.998736,-71.39852,1002.041,1002.071,1002.111,PNLPA,Coquimbo [El Panul]
2024-01-04 03:00:00,-29.998736,-71.39852,1002.128,1002.267,1002.42,PNLPA,Coquimbo [El Panul]
2024-01-04 04:00:00,-29.998736,-71.39852,1002.458,1002.733,1002.95,PNLPA,Coquimbo [El Panul]
2024-01-04 05:00:00,-29.998736,-71.39852,1002.936,1003.239,1003.62,PNLPA,Coquimbo [El Panul]
2024-01-04 06:00:00,-29.998736,-71.39852,1003.603,1004.009,1004.417,PNLPA,Coquimbo [El Panul]
2024-01-04 07:00:00,-29.998736,-71.39852,1004.464,1004.72,1005.054,PNLPA,Coquimbo [El Panul]
2024-01-04 08:00:00,-29.998736,-71.39852,1005.192,1005.359,1005.528,PNLPA,Coquimbo [El Panul]
2024-01-04 09:00:00,-29.998736,-71.39852,1005.668,1005.909,1006.001,PNLPA,Coquimbo [El Panul]
2024-01-04 10:00:00,-29.998736,-71.39852,1006.169,1006.233,1006.291,PNLPA,Coquimbo [El Panul]
2024-01-04 11:00:00,-29.998736,-71.39852,1005.954,1006.03,1006.204,PNLPA,Coquimbo [El Panul]
2024-01-04 12:00:00,-29.998736,-71.39852,1005.962,1005.99,1006.035,PNLPA,Coquimbo [El Panul]
2024-01-04 13:00:00,-29.998736,-71.39852,1005.738,1005.897,1005.984,PNLPA,Coquimbo [El Panul]
2024-01-04 14:00:00,-29.998736,-71.39852,1005.159,1005.43,1005.687,PNLPA,Coquimbo [El Panul]
2024-01-04 15:00:00,-29.998736,-71.39852,1004.916,1005.024,1005.125,PNLPA,Coquimbo [El Panul]
2024-01-04 16:00:00,-29.998736,-71.39852,1004.251,1004.456,1004.731,PNLPA,Coquimbo [El Panul]
2024-01-04 17:00:00,-29.998736,-71.39852,1003.716,1003.912,1004.111,PNLPA,Coquimbo [El Panul]
2024-01-04 18:00:00,-29.998736,-71.39852,1003.517,1003.615,1003.676,PNLPA,Coquimbo [El Panul]
2024-01-04 19:00:00,-29.998736,-71.39852,1003.756,1003.94,1004.056,PNLPA,Coquimbo [El Panul]
2024-01-04 20:00:00,-29.998736,-71.39852,1004.049,1004.049,1004.049,PNLPA,Coquimbo [El Panul]
2024-01-04 21:00:00,-29.24724,-71.467969,1015.997,1016.095,1016.23,MARPCHPA,Punta de Choros
2024-01-04 22:00:00,-29.24724,-71.467969,1016.199,1016.301,1016.449,MARPCHPA,Punta de Choros
2024-01-04 23:00:00,-29.24724,-71.467969,1016.184,1016.278,1016.453,MARPCHPA,Punta de Choros
2024-01-05 00:00:00,-29.24724,-71.467969,1015.982,1016.123,1016.37,MARPCHPA,Punta de Choros
2024-01-05 01:00:00,-29.24724,-71.467969,1015.96,1016.011,1016.168,MARPCHPA,Punta de Choros
2024-01-05 02:00:00,-29.24724,-71.467969,1016.006,1016.071,1016.254,MARPCHPA,Punta de Choros
2024-01-05 03:00:00,-29.24724,-71.467969,1016.034,1016.119,1016.24,MARPCHPA,Punta de Choros
2024-01-05 04:00:00,-29.24724,-71.467969,1016.39,1016.578,1016.712,MARPCHPA,Punta de Choros
2024-01-05 05:00:00,-29.24724,-71.467969,1016.805,1017.092,1017.295,MARPCHPA,Punta de Choros
2024-01-05 06:00:00,-29.24724,-71.467969,1017.512,1017.654,1017.771,MARPCHPA,Punta de Choros
2024-01-05 07:00:00,-29.24724,-71.467969,1017.912,1018.13,1018.256,MARPCHPA,Punta de Choros
2024-01-05 08:00:00,-29.24724,-71.467969,1018.186,1018.306,1018.496,MARPCHPA,Punta de Choros
2024-01-05 09:00:00,-29.24724,-71.467969,1018.251,1018.334,1018.477,MARPCHPA,Punta de Choros
2024-01-05 10:00:00,-29.24724,-71.467969,1018.135,1018.273,1018.424,MARPCHPA,Punta de Choros
2024-01-05 11:00:00,-29.24724,-71.467969,1018.173,1018.173,1018.173,MARPCHPA,Punta de Choros
2024-01-04 21:00:00,-29.754064,-71.257442,998.504,998.642,998.725,RMRPA,La Serena [El Romeral]
2024-01-04 22:00:00,-29.754064,-71.257442,998.803,998.901,998.947,RMRPA,La Serena [El Romeral]
2024-01-04 23:00:00,-29.754064,-71.257442,998.749,998.851,999.012,RMRPA,La Serena [El Romeral]
2024-01-05 00:00:00,-29.754064,-71.257442,998.463,998.613,998.739,RMRPA,La Serena [El Romeral]
2024-01-05 01:00:00,-29.754064,-71.257442,998.272,998.326,998.376,RMRPA,La Serena [El Romeral]
2024-01-05 02:00:00,-29.754064,-71.257442,998.347,998.396,998.451,RMRPA,La Serena [El Romeral]
2024-01-05 03:00:00,-29.754064,-71.257442,998.399,998.49,998.651,RMRPA,La Serena [El Romeral]
2024-01-05 04:00:00,-29.754064,-71.257442,998.787,998.949,999.184,RMRPA,La Serena [El Romeral]
2024-01-05 05:00:00,-29.754064,-71.257442,999.291,999.554,999.802,RMRPA,La Serena [El Romeral]
2024-01-05 06:00:00,-29.754064,-71.257442,999.936,1000.179,1000.384,RMRPA,La Serena [El Romeral]
2024-01-05 07:00:00,-29.754064,-71.257442,1000.426,1000.63,1000.769,RMRPA,La Serena [El Romeral]
2024-01-05 08:00:00,-29.754064,-71.257442,1000.69,1000.812,1000.894,RMRPA,La Serena [El Romeral]
2024-01-05 09:00:00,-29.754064,-71.257442,1000.543,1000.595,1000.642,RMRPA,La Serena [El Romeral]
2024-01-05 10:00:00,-29.754064,-71.257442,1000.519,1000.519,1000.519,RMRPA,La Serena [El Romeral]
2024-01-04 21:00:00,-29.915015,-71.242214,1005.587,1005.778,1005.936,LSCPA,La Serena [CEAZA]
2024-01-04 22:00:00,-29.915015,-71.242214,1005.873,1006.003,1006.107,LSCPA,La Serena [CEAZA]
2024-01-04 23:00:00,-29.915015,-71.242214,1005.8,1005.906,1006.023,LSCPA,La Serena [CEAZA]
2024-01-05 00:00:00,-29.915015,-71.242214,1005.519,1005.7,1005.802,LSCPA,La Serena [CEAZA]
2024-01-05 01:00:00,-29.915015,-71.242214,1005.391,1005.439,1005.527,LSCPA,La Serena [CEAZA]
2024-01-05 02:00:00,-29.915015,-71.242214,1005.435,1005.532,1005.618,LSCPA,La Serena [CEAZA]
2024-01-05 03:00:00,-29.915015,-71.242214,1005.534,1005.688,1005.92,LSCPA,La Serena [CEAZA]
2024-01-05 04:00:00,-29.915015,-71.242214,1005.94,1006.128,1006.399,LSCPA,La Serena [CEAZA]
2024-01-05 05:00:00,-29.915015,-71.242214,1006.472,1006.817,1007.119,LSCPA,La Serena [CEAZA]
2024-01-05 06:00:00,-29.915015,-71.242214,1007.247,1007.506,1007.697,LSCPA,La Serena [CEAZA]
2024-01-05 07:00:00,-29.915015,-71.242214,1007.744,1007.875,1008.002,LSCPA,La Serena [CEAZA]
2024-01-05 08:00:00,-29.915015,-71.242214,1007.765,1007.926,1008.043,LSCPA,La Serena [CEAZA]
2024-01-05 09:00:00,-29.915015,-71.242214,1007.638,1007.699,1007.755,LSCPA,La Serena [CEAZA]
2024-01-05 10:00:00,-29.915015,-71.242214,1007.686,1007.779,1007.828,LSCPA,La Serena [CEAZA]
2024-01-05 11:00:00,-29.915015,-71.242214,1007.687,1007.812,1007.866,LSCPA,La Serena [CEAZA]
2024-01-05 12:00:00,-29.915015,-71.242214,1007.403,1007.581,1007.664,LSCPA,La Serena [CEAZA]
2024-01-05 13:00:00,-29.915015,-71.242214,1006.746,1006.981,1007.241,LSCPA,La Serena [CEAZA]
2024-01-05 14:00:00,-29.915015,-71.242214,1005.808,1006.256,1006.571,LSCPA,La Serena [CEAZA]
2024-01-05 15:00:00,-29.915015,-71.242214,1004.883,1005.246,1005.625,LSCPA,La Serena [CEAZA]
2024-01-05 16:00:00,-29.915015,-71.242214,1004.157,1004.459,1004.752,LSCPA,La Serena [CEAZA]
2024-01-05 17:00:00,-29.915015,-71.242214,1003.954,1003.987,1004.031,LSCPA,La Serena [CEAZA]
2024-01-05 18:00:00,-29.915015,-71.242214,1003.898,1003.997,1004.096,LSCPA,La Serena [CEAZA]
2024-01-05 19:00:00,-29.915015,-71.242214,1004.136,1004.227,1004.362,LSCPA,La Serena [CEAZA]
2024-01-05 20:00:00,-29.915015,-71.242214,1004.313,1004.313,1004.313,LSCPA,La Serena [CEAZA]
2024-01-04 21:00:00,-29.97852,-71.080386,992.998,993.156,993.339,RMPPA,Gabriela Mistral
2024-01-04 22:00:00,-29.97852,-71.080386,993.389,993.515,993.578,RMPPA,Gabriela Mistral
2024-01-04 23:00:00,-29.97852,-71.080386,993.359,993.427,993.492,RMPPA,Gabriela Mistral
2024-01-05 00:00:00,-29.97852,-71.080386,992.976,993.172,993.361,RMPPA,Gabriela Mistral
2024-01-05 01:00:00,-29.97852,-71.080386,992.814,992.87,992.951,RMPPA,Gabriela Mistral
2024-01-05 02:00:00,-29.97852,-71.080386,992.931,992.987,993.018,RMPPA,Gabriela Mistral
2024-01-05 03:00:00,-29.97852,-71.080386,992.952,993.084,993.272,RMPPA,Gabriela Mistral
2024-01-05 04:00:00,-29.97852,-71.080386,993.335,993.577,993.837,RMPPA,Gabriela Mistral
2024-01-05 05:00:00,-29.97852,-71.080386,994.001,994.329,994.625,RMPPA,Gabriela Mistral
2024-01-05 06:00:00,-29.97852,-71.080386,994.716,994.987,995.168,RMPPA,Gabriela Mistral
2024-01-05 07:00:00,-29.97852,-71.080386,995.195,995.331,995.535,RMPPA,Gabriela Mistral
2024-01-05 08:00:00,-29.97852,-71.080386,995.186,995.328,995.499,RMPPA,Gabriela Mistral
2024-01-05 09:00:00,-29.97852,-71.080386,994.712,994.901,995.057,RMPPA,Gabriela Mistral
2024-01-05 10:00:00,-29.97852,-71.080386,994.602,994.602,994.602,RMPPA,Gabriela Mistral
2024-01-04 21:00:00,-29.998736,-71.39852,1004.131,1004.179,1004.281,PNLPA,Coquimbo [El Panul]
2024-01-04 22:00:00,-29.998736,-71.39852,1004.351,1004.407,1004.441,PNLPA,Coquimbo [El Panul]
2024-01-04 23:00:00,-29.998736,-71.39852,1004.211,1004.304,1004.392,PNLPA,Coquimbo [El Panul]
2024-01-05 00:00:00,-29.998736,-71.39852,1003.848,1004.039,1004.192,PNLPA,Coquimbo [El Panul]
2024-01-05 01:00:00,-29.998736,-71.39852,1003.74,1003.779,1003.856,PNLPA,Coquimbo [El Panul]
2024-01-05 02:00:00,-29.998736,-71.39852,1003.767,1003.843,1003.935,PNLPA,Coquimbo [El Panul]
2024-01-05 03:00:00,-29.998736,-71.39852,1003.815,1003.934,1004.196,PNLPA,Coquimbo [El Panul]
2024-01-05 04:00:00,-29.998736,-71.39852,1004.198,1004.388,1004.698,PNLPA,Coquimbo [El Panul]
2024-01-05 05:00:00,-29.998736,-71.39852,1004.814,1005.142,1005.483,PNLPA,Coquimbo [El Panul]
2024-01-05 06:00:00,-29.998736,-71.39852,1005.561,1005.859,1006.073,PNLPA,Coquimbo [El Panul]
2024-01-05 07:00:00,-29.998736,-71.39852,1006.135,1006.244,1006.378,PNLPA,Coquimbo [El Panul]
2024-01-05 08:00:00,-29.998736,-71.39852,1006.22,1006.311,1006.448,PNLPA,Coquimbo [El Panul]
2024-01-05 09:00:00,-29.998736,-71.39852,1006.266,1006.375,1006.442,PNLPA,Coquimbo [El Panul]
2024-01-05 10:00:00,-29.998736,-71.39852,1006.274,1006.34,1006.466,PNLPA,Coquimbo [El Panul]
2024-01-05 11:00:00,-29.998736,-71.39852,1006.281,1006.322,1006.354,PNLPA,Coquimbo [El Panul]
2024-01-05 12:00:00,-29.998736,-71.39852,1006.162,1006.277,1006.349,PNLPA,Coquimbo [El Panul]
2024-01-05 13:00:00,-29.998736,-71.39852,1005.208,1005.518,1005.932,PNLPA,Coquimbo [El Panul]
2024-01-05 14:00:00,-29.998736,-71.39852,1004.58,1004.915,1005.092,PNLPA,Coquimbo [El Panul]
2024-01-05 15:00:00,-29.998736,-71.39852,1004.343,1004.343,1004.343,PNLPA,Coquimbo [El Panul]
2024-01-05 12:00:00,-29.24724,-71.467969,1017.501,1017.734,1017.988,MARPCHPA,Punta de Choros
2024-01-05 13:00:00,-29.24724,-71.467969,1017.101,1017.263,1017.505,MARPCHPA,Punta de Choros
2024-01-05 14:00:00,-29.24724,-71.467969,1016.099,1016.549,1017.006,MARPCHPA,Punta de Choros
2024-01-05 15:00:00,-29.24724,-71.467969,1015.321,1015.668,1015.949,MARPCHPA,Punta de Choros
2024-01-05 16:00:00,-29.24724,-71.467969,1014.538,1014.899,1015.22,MARPCHPA,Punta de Choros
2024-01-05 17:00:00,-29.24724,-71.467969,1014.431,1014.486,1014.64,MARPCHPA,Punta de Choros
2024-01-05 18:00:00,-29.24724,-71.467969,1014.356,1014.414,1014.536,MARPCHPA,Punta de Choros
2024-01-05 19:00:00,-29.24724,-71.467969,1014.469,1014.567,1014.692,MARPCHPA,Punta de Choros
2024-01-05 20:00:00,-29.24724,-71.467969,1014.589,1014.705,1014.783,MARPCHPA,Punta de Choros
2024-01-05 21:00:00,-29.24724,-71.467969,1014.77,1014.912,1015.0,MARPCHPA,Punta de Choros
2024-01-05 22:00:00,-29.24724,-71.467969,1015.077,1015.216,1015.311,MARPCHPA,Punta de Choros
2024-01-05 23:00:00,-29.24724,-71.467969,1015.133,1015.279,1015.422,MARPCHPA,Punta de Choros
2024-01-06 00:00:00,-29.24724,-71.467969,1014.75,1014.938,1015.169,MARPCHPA,Punta de Choros
2024-01-06 01:00:00,-29.24724,-71.467969,1014.197,1014.394,1014.661,MARPCHPA,Punta de Choros
2024-01-06 02:00:00,-29.24724,-71.467969,1013.953,1014.097,1014.281,MARPCHPA,Punta de Choros
2024-01-06 03:00:00,-29.24724,-71.467969,1013.788,1013.887,1014.057,MARPCHPA,Punta de Choros
2024-01-06 04:00:00,-29.24724,-71.467969,1013.768,1013.863,1013.989,MARPCHPA,Punta de Choros
2024-01-06 05:00:00,-29.24724,-71.467969,1014.043,1014.307,1014.598,MARPCHPA,Punta de Choros
2024-01-06 06:00:00,-29.24724,-71.467969,1014.665,1014.928,1015.101,MARPCHPA,Punta de Choros
2024-01-06 07:00:00,-29.24724,-71.467969,1015.12,1015.305,1015.441,MARPCHPA,Punta de Choros
2024-01-06 08:00:00,-29.24724,-71.467969,1015.591,1015.815,1015.904,MARPCHPA,Punta de Choros
2024-01-06 09:00:00,-29.24724,-71.467969,1015.984,1016.152,1016.243,MARPCHPA,Punta de Choros
2024-01-06 10:00:00,-29.24724,-71.467969,1016.214,1016.278,1016.453,MARPCHPA,Punta de Choros
2024-01-06 11:00:00,-29.24724,-71.467969,1016.006,1016.164,1016.364,MARPCHPA,Punta de Choros
2024-01-06 12:00:00,-29.24724,-71.467969,1015.63,1015.781,1015.979,MARPCHPA,Punta de Choros
2024-01-06 13:00:00,-29.24724,-71.467969,1014.75,1015.138,1015.499,MARPCHPA,Punta de Choros
2024-01-06 14:00:00,-29.24724,-71.467969,1014.377,1014.54,1014.807,MARPCHPA,Punta de Choros
2024-01-06 15:00:00,-29.24724,-71.467969,1013.817,1014.046,1014.27,MARPCHPA,Punta de Choros
2024-01-06 16:00:00,-29.24724,-71.467969,1013.326,1013.577,1013.843,MARPCHPA,Punta de Choros
2024-01-06 17:00:00,-29.24724,-71.467969,1012.946,1013.094,1013.246,MARPCHPA,Punta de Choros
2024-01-06 18:00:00,-29.24724,-71.467969,1012.834,1012.907,1012.999,MARPCHPA,Punta de Choros
2024-01-06 19:00:00,-29.24724,-71.467969,1012.946,1013.011,1013.119,MARPCHPA,Punta de Choros
2024-01-06 20:00:00,-29.24724,-71.467969,1013.08,1013.08,1013.08,MARPCHPA,Punta de Choros
2024-01-05 11:00:00,-29.754064,-71.257442,1000.268,1000.411,1000.556,RMRPA,La Serena [El Romeral]
2024-01-05 12:00:00,-29.754064,-71.257442,999.821,1000.098,1000.352,RMRPA,La Serena [El Romeral]
2024-01-05 13:00:00,-29.754064,-71.257442,999.479,999.593,999.753,RMRPA,La Serena [El Romeral]
2024-01-05 14:00:00,-29.754064,-71.257442,998.62,998.973,999.301,RMRPA,La Serena [El Romeral]
2024-01-05 15:00:00,-29.754064,-71.257442,997.8,998.1,998.39,RMRPA,La Serena [El Romeral]
2024-01-05 16:00:00,-29.754064,-71.257442,997.207,997.5,997.753,RMRPA,La Serena [El Romeral]
2024-01-05 17:00:00,-29.754064,-71.257442,997.001,997.084,997.173,RMRPA,La Serena [El Romeral]
2024-01-05 18:00:00,-29.754064,-71.257442,997.12,997.184,997.222,RMRPA,La Serena [El Romeral]
2024-01-05 19:00:00,-29.754064,-71.257442,997.234,997.402,997.561,RMRPA,La Serena [El Romeral]
2024-01-05 20:00:00,-29.754064,-71.257442,997.453,997.477,997.511,RMRPA,La Serena [El Romeral]
2024-01-05 21:00:00,-29.754064,-71.257442,997.536,997.634,997.749,RMRPA,La Serena [El Romeral]
2024-01-05 22:00:00,-29.754064,-71.257442,997.724,997.763,997.809,RMRPA,La Serena [El Romeral]
2024-01-05 23:00:00,-29.754064,-71.257442,997.49,997.645,997.83,RMRPA,La Serena [El Romeral]
2024-01-06 00:00:00,-29.754064,-71.257442,997.06,997.299,997.527,RMRPA,La Serena [El Romeral]
2024-01-06 01:00:00,-29.754064,-71.257442,996.725,996.876,997.0,RMRPA,La Serena [El Romeral]
2024-01-06 02:00:00,-29.754064,-71.257442,996.332,996.5,996.67,RMRPA,La Serena [El Romeral]
2024-01-06 03:00:00,-29.754064,-71.257442,996.123,996.186,996.306,RMRPA,La Serena [El Romeral]
2024-01-06 04:00:00,-29.754064,-71.257442,996.013,996.113,996.171,RMRPA,La Serena [El Romeral]
2024-01-06 05:00:00,-29.754064,-71.257442,996.32,996.654,996.98,RMRPA,La Serena [El Romeral]
2024-01-06 06:00:00,-29.754064,-71.257442,997.133,997.436,997.662,RMRPA,La Serena [El Romeral]
2024-01-06 07:00:00,-29.754064,-71.257442,997.663,997.743,997.845,RMRPA,La Serena [El Romeral]
2024-01-06 08:00:00,-29.754064,-71.257442,997.894,998.007,998.084,RMRPA,La Serena [El Romeral]
2024-01-06 09:00:00,-29.754064,-71.257442,998.056,998.122,998.182,RMRPA,La Serena [El Romeral]
2024-01-06 10:00:00,-29.754064,-71.257442,998.208,998.281,998.374,RMRPA,La Serena [El Romeral]
2024-01-06 11:00:00,-29.754064,-71.257442,998.133,998.291,998.458,RMRPA,La Serena [El Romeral]
2024-01-06 12:00:00,-29.754064,-71.257442,997.869,998.063,998.221,RMRPA,La Serena [El Romeral]
2024-01-06 13:00:00,-29.754064,-71.257442,997.169,997.5,997.779,RMRPA,La Serena [El Romeral]
2024-01-06 14:00:00,-29.754064,-71.257442,996.749,996.88,997.096,RMRPA,La Serena [El Romeral]
2024-01-06 15:00:00,-29.754064,-71.257442,996.402,996.602,996.733,RMRPA,La Serena [El Romeral]
2024-01-06 16:00:00,-29.754064,-71.257442,996.052,996.225,996.413,RMRPA,La Serena [El Romeral]
2024-01-06 17:00:00,-29.754064,-71.257442,995.514,995.71,995.962,RMRPA,La Serena [El Romeral]
2024-01-06 18:00:00,-29.754064,-71.257442,995.473,995.531,995.567,RMRPA,La Serena [El Romeral]
2024-01-06 19:00:00,-29.754064,-71.257442,995.531,995.619,995.731,RMRPA,La Serena [El Romeral]
2024-01-06 20:00:00,-29.754064,-71.257442,995.732,995.732,995.732,RMRPA,La Serena [El Romeral]
2024-01-05 21:00:00,-29.915015,-71.242214,1004.237,1004.322,1004.438,LSCPA,La Serena [CEAZA]
2024-01-05 22:00:00,-29.915015,-71.242214,1004.548,1004.639,1004.734,LSCPA,La Serena [CEAZA]
2024-01-05 23:00:00,-29.915015,-71.242214,1004.621,1004.701,1004.753,LSCPA,La Serena [CEAZA]
2024-01-06 00:00:00,-29.915015,-71.242214,1004.269,1004.511,1004.687,LSCPA,La Serena [CEAZA]
2024-01-06 01:00:00,-29.915015,-71.242214,1003.951,1004.111,1004.267,LSCPA,La Serena [CEAZA]
2024-01-06 02:00:00,-29.915015,-71.242214,1003.511,1003.672,1003.871,LSCPA,La Serena [CEAZA]
2024-01-06 03:00:00,-29.915015,-71.242214,1003.252,1003.315,1003.442,LSCPA,La Serena [CEAZA]
2024-01-06 04:00:00,-29.915015,-71.242214,1003.218,1003.34,1003.44,LSCPA,La Serena [CEAZA]
2024-01-06 05:00:00,-29.915015,-71.242214,1003.691,1003.894,1004.175,LSCPA,La Serena [CEAZA]
2024-01-06 06:00:00,-29.915015,-71.242214,1004.31,1004.642,1004.825,LSCPA,La Serena [CEAZA]
2024-01-06 07:00:00,-29.915015,-71.242214,1004.794,1004.958,1005.088,LSCPA,La Serena [CEAZA]
2024-01-06 08:00:00,-29.915015,-71.242214,1005.148,1005.187,1005.219,LSCPA,La Serena [CEAZA]
2024-01-06 09:00:00,-29.915015,-71.242214,1005.274,1005.372,1005.476,LSCPA,La Serena [CEAZA]
2024-01-06 10:00:00,-29.915015,-71.242214,1005.444,1005.528,1005.581,LSCPA,La Serena [CEAZA]
2024-01-06 11:00:00,-29.915015,-71.242214,1005.373,1005.45,1005.514,LSCPA,La Serena [CEAZA]
2024-01-06 12:00:00,-29.915015,-71.242214,1005.098,1005.197,1005.32,LSCPA,La Serena [CEAZA]
2024-01-06 13:00:00,-29.915015,-71.242214,1004.424,1004.741,1004.997,LSCPA,La Serena [CEAZA]
2024-01-06 14:00:00,-29.915015,-71.242214,1004.066,1004.243,1004.363,LSCPA,La Serena [CEAZA]
2024-01-06 15:00:00,-29.915015,-71.242214,1003.654,1003.812,1003.984,LSCPA,La Serena [CEAZA]
2024-01-06 16:00:00,-29.915015,-71.242214,1003.085,1003.343,1003.51,LSCPA,La Serena [CEAZA]
2024-01-06 17:00:00,-29.915015,-71.242214,1002.599,1002.805,1003.069,LSCPA,La Serena [CEAZA]
2024-01-06 18:00:00,-29.915015,-71.242214,1002.556,1002.645,1002.737,LSCPA,La Serena [CEAZA]
2024-01-06 19:00:00,-29.915015,-71.242214,1002.597,1002.685,1002.769,LSCPA,La Serena [CEAZA]
2024-01-06 20:00:00,-29.915015,-71.242214,1002.827,1002.827,1002.827,LSCPA,La Serena [CEAZA]
2024-01-05 11:00:00,-29.97852,-71.080386,994.468,994.499,994.541,RMPPA,Gabriela Mistral
2024-01-05 12:00:00,-29.97852,-71.080386,994.0,994.265,994.446,RMPPA,Gabriela Mistral
2024-01-05 13:00:00,-29.97852,-71.080386,993.382,993.62,993.867,RMPPA,Gabriela Mistral
2024-01-05 14:00:00,-29.97852,-71.080386,992.557,992.956,993.223,RMPPA,Gabriela Mistral
2024-01-05 15:00:00,-29.97852,-71.080386,991.699,992.065,992.467,RMPPA,Gabriela Mistral
2024-01-05 16:00:00,-29.97852,-71.080386,991.037,991.268,991.563,RMPPA,Gabriela Mistral
2024-01-05 17:00:00,-29.97852,-71.080386,990.726,990.787,990.875,RMPPA,Gabriela Mistral
2024-01-05 18:00:00,-29.97852,-71.080386,990.76,990.903,991.09,RMPPA,Gabriela Mistral
2024-01-05 19:00:00,-29.97852,-71.080386,991.116,991.325,991.64,RMPPA,Gabriela Mistral
2024-01-05 20:00:00,-29.97852,-71.080386,991.591,991.647,991.694,RMPPA,Gabriela Mistral
2024-01-05 21:00:00,-29.97852,-71.080386,991.73,991.795,991.958,RMPPA,Gabriela Mistral
2024-01-05 22:00:00,-29.97852,-71.080386,992.043,992.184,992.328,RMPPA,Gabriela Mistral
2024-01-05 23:00:00,-29.97852,-71.080386,992.119,992.224,992.366,RMPPA,Gabriela Mistral
2024-01-06 00:00:00,-29.97852,-71.080386,991.761,992.032,992.174,RMPPA,Gabriela Mistral
2024-01-06 01:00:00,-29.97852,-71.080386,991.456,991.587,991.707,RMPPA,Gabriela Mistral
2024-01-06 02:00:00,-29.97852,-71.080386,991.109,991.33,991.445,RMPPA,Gabriela Mistral
2024-01-06 03:00:00,-29.97852,-71.080386,990.813,990.899,990.966,RMPPA,Gabriela Mistral
2024-01-06 04:00:00,-29.97852,-71.080386,990.92,990.994,991.061,RMPPA,Gabriela Mistral
2024-01-06 05:00:00,-29.97852,-71.080386,991.081,991.338,991.685,RMPPA,Gabriela Mistral
2024-01-06 06:00:00,-29.97852,-71.080386,991.772,992.192,992.473,RMPPA,Gabriela Mistral
2024-01-06 07:00:00,-29.97852,-71.080386,992.308,992.46,992.597,RMPPA,Gabriela Mistral
2024-01-06 08:00:00,-29.97852,-71.080386,992.522,992.584,992.647,RMPPA,Gabriela Mistral
2024-01-06 09:00:00,-29.97852,-71.080386,992.349,992.389,992.434,RMPPA,Gabriela Mistral
2024-01-06 10:00:00,-29.97852,-71.080386,992.242,992.287,992.331,RMPPA,Gabriela Mistral
2024-01-06 11:00:00,-29.97852,-71.080386,992.113,992.18,992.289,RMPPA,Gabriela Mistral
2024-01-06 12:00:00,-29.97852,-71.080386,991.674,991.843,992.029,RMPPA,Gabriela Mistral
2024-01-06 13:00:00,-29.97852,-71.080386,991.03,991.358,991.628,RMPPA,Gabriela Mistral
2024-01-06 14:00:00,-29.97852,-71.080386,990.586,990.782,990.932,RMPPA,Gabriela Mistral
2024-01-06 15:00:00,-29.97852,-71.080386,990.247,990.341,990.475,RMPPA,Gabriela Mistral
2024-01-06 16:00:00,-29.97852,-71.080386,989.925,990.067,990.223,RMPPA,Gabriela Mistral
2024-01-06 17:00:00,-29.97852,-71.080386,989.484,989.618,989.847,RMPPA,Gabriela Mistral
2024-01-06 18:00:00,-29.97852,-71.080386,989.448,989.542,989.747,RMPPA,Gabriela Mistral
2024-01-06 19:00:00,-29.97852,-71.080386,989.718,989.888,990.091,RMPPA,Gabriela Mistral
2024-01-06 20:00:00,-29.97852,-71.080386,990.078,990.078,990.078,RMPPA,Gabriela Mistral
2024-01-05 16:00:00,-29.998736,-71.39852,1002.905,1003.273,1003.64,PNLPA,Coquimbo [El Panul]
2024-01-05 17:00:00,-29.998736,-71.39852,1002.567,1002.708,1002.862,PNLPA,Coquimbo [El Panul]
2024-01-05 18:00:00,-29.998736,-71.39852,1002.454,1002.528,1002.61,PNLPA,Coquimbo [El Panul]
2024-01-05 19:00:00,-29.998736,-71.39852,1002.62,1002.724,1002.796,PNLPA,Coquimbo [El Panul]
2024-01-05 20:00:00,-29.998736,-71.39852,1002.787,1002.828,1002.859,PNLPA,Coquimbo [El Panul]
2024-01-05 21:00:00,-29.998736,-71.39852,1002.709,1002.778,1002.874,PNLPA,Coquimbo [El Panul]
2024-01-05 22:00:00,-29.998736,-71.39852,1002.882,1002.941,1003.072,PNLPA,Coquimbo [El Panul]
2024-01-05 23:00:00,-29.998736,-71.39852,1002.755,1002.801,1002.898,PNLPA,Coquimbo [El Panul]
2024-01-06 00:00:00,-29.998736,-71.39852,1002.454,1002.668,1002.796,PNLPA,Coquimbo [El Panul]
2024-01-06 01:00:00,-29.998736,-71.39852,1002.151,1002.272,1002.422,PNLPA,Coquimbo [El Panul]
2024-01-06 02:00:00,-29.998736,-71.39852,1001.775,1001.885,1002.073,PNLPA,Coquimbo [El Panul]
2024-01-06 03:00:00,-29.998736,-71.39852,1001.434,1001.59,1001.716,PNLPA,Coquimbo [El Panul]
2024-01-06 04:00:00,-29.998736,-71.39852,1001.394,1001.599,1001.77,PNLPA,Coquimbo [El Panul]
2024-01-06 05:00:00,-29.998736,-71.39852,1001.93,1002.175,1002.398,PNLPA,Coquimbo [El Panul]
2024-01-06 06:00:00,-29.998736,-71.39852,1002.633,1002.857,1003.047,PNLPA,Coquimbo [El Panul]
2024-01-06 07:00:00,-29.998736,-71.39852,1003.063,1003.217,1003.318,PNLPA,Coquimbo [El Panul]
2024-01-06 08:00:00,-29.998736,-71.39852,1003.354,1003.521,1003.642,PNLPA,Coquimbo [El Panul]
2024-01-06 09:00:00,-29.998736,-71.39852,1003.643,1003.713,1003.797,PNLPA,Coquimbo [El Panul]
2024-01-06 10:00:00,-29.998736,-71.39852,1003.819,1003.921,1004.0,PNLPA,Coquimbo [El Panul]
2024-01-06 11:00:00,-29.998736,-71.39852,1003.905,1003.972,1004.011,PNLPA,Coquimbo [El Panul]
2024-01-06 12:00:00,-29.998736,-71.39852,1003.657,1003.791,1003.903,PNLPA,Coquimbo [El Panul]
2024-01-06 13:00:00,-29.998736,-71.39852,1003.062,1003.29,1003.646,PNLPA,Coquimbo [El Panul]
2024-01-06 14:00:00,-29.998736,-71.39852,1002.651,1002.896,1003.032,PNLPA,Coquimbo [El Panul]
2024-01-06 15:00:00,-29.998736,-71.39852,1002.168,1002.34,1002.519,PNLPA,Coquimbo [El Panul]
2024-01-06 16:00:00,-29.998736,-71.39852,1001.649,1001.905,1002.132,PNLPA,Coquimbo [El Panul]
2024-01-06 17:00:00,-29.998736,-71.39852,1000.957,1001.186,1001.473,PNLPA,Coquimbo [El Panul]
2024-01-06 18:00:00,-29.998736,-71.39852,1000.762,1000.818,1000.865,PNLPA,Coquimbo [El Panul]
2024-01-06 19:00:00,-29.998736,-71.39852,1000.63,1000.794,1000.953,PNLPA,Coquimbo [El Panul]
2024-01-06 20:00:00,-29.998736,-71.39852,1000.812,1000.812,1000.812,PNLPA,Coquimbo [El Panul]
