time,latitud,longitud,TnAM,CodigoNacional,nombreEstacion
2022-01-01 12:00:00,-18.35555,-70.34028,16.8,180005.0,"Chacalluta, Arica Ap."
2022-01-02 12:00:00,-18.35555,-70.34028,16.9,180005.0,"Chacalluta, Arica Ap."
2022-01-03 12:00:00,-18.35555,-70.34028,17.1,180005.0,"Chacalluta, Arica Ap."
2022-01-04 12:00:00,-18.35555,-70.34028,17.3,180005.0,"Chacalluta, Arica Ap."
2022-01-05 12:00:00,-18.35555,-70.34028,16.9,180005.0,"Chacalluta, Arica Ap."
2022-01-06 12:00:00,-18.35555,-70.34028,19.1,180005.0,"Chacalluta, Arica Ap."
2022-01-07 12:00:00,-18.35555,-70.34028,19.5,180005.0,"Chacalluta, Arica Ap."
2022-01-08 12:00:00,-18.35555,-70.34028,19.8,180005.0,"Chacalluta, Arica Ap."
2022-01-09 12:00:00,-18.35555,-70.34028,19.9,180005.0,"Chacalluta, Arica Ap."
2022-01-10 12:00:00,-18.35555,-70.34028,20.9,180005.0,"Chacalluta, Arica Ap."
2022-01-11 12:00:00,-18.35555,-70.34028,21.1,180005.0,"Chacalluta, Arica Ap."
2022-01-12 12:00:00,-18.35555,-70.34028,19.8,180005.0,"Chacalluta, Arica Ap."
2022-01-13 12:00:00,-18.35555,-70.34028,18.9,180005.0,"Chacalluta, Arica Ap."
2022-01-14 12:00:00,-18.35555,-70.34028,20.6,180005.0,"Chacalluta, Arica Ap."
2022-01-15 12:00:00,-18.35555,-70.34028,19.2,180005.0,"Chacalluta, Arica Ap."
2022-01-16 12:00:00,-18.35555,-70.34028,19.7,180005.0,"Chacalluta, Arica Ap."
2022-01-17 12:00:00,-18.35555,-70.34028,19.3,180005.0,"Chacalluta, Arica Ap."
2022-01-01 12:00:00,-18.2,-69.5625,8.6,180017.0,Putre
2022-01-02 12:00:00,-18.2,-69.5625,6.6,180017.0,Putre
2022-01-03 12:00:00,-18.2,-69.5625,3.9,180017.0,Putre
2022-01-04 12:00:00,-18.2,-69.5625,4.2,180017.0,Putre
2022-01-05 12:00:00,-18.2,-69.5625,3.6,180017.0,Putre
2022-01-06 12:00:00,-18.2,-69.5625,5.0,180017.0,Putre
2022-01-07 12:00:00,-18.2,-69.5625,7.3,180017.0,Putre
2022-01-08 12:00:00,-18.2,-69.5625,5.1,180017.0,Putre
2022-01-09 12:00:00,-18.2,-69.5625,5.3,180017.0,Putre
2022-01-10 12:00:00,-18.2,-69.5625,5.5,180017.0,Putre
2022-01-11 12:00:00,-18.2,-69.5625,4.1,180017.0,Putre
2022-01-12 12:00:00,-18.2,-69.5625,6.0,180017.0,Putre
2022-01-14 12:00:00,-18.2,-69.5625,6.1,180017.0,Putre
2022-01-15 12:00:00,-18.2,-69.5625,4.9,180017.0,Putre
2022-01-16 12:00:00,-18.2,-69.5625,6.1,180017.0,Putre
2022-01-17 12:00:00,-18.2,-69.5625,5.9,180017.0,Putre
2022-01-01 12:00:00,-20.54917,-70.18111,17.3,200006.0,Diego Aracena Iquique Ap.
2022-01-02 12:00:00,-20.54917,-70.18111,18.3,200006.0,Diego Aracena Iquique Ap.
2022-01-03 12:00:00,-20.54917,-70.18111,18.5,200006.0,Diego Aracena Iquique Ap.
2022-01-04 12:00:00,-20.54917,-70.18111,18.0,200006.0,Diego Aracena Iquique Ap.
2022-01-05 12:00:00,-20.54917,-70.18111,18.2,200006.0,Diego Aracena Iquique Ap.
2022-01-06 12:00:00,-20.54917,-70.18111,17.6,200006.0,Diego Aracena Iquique Ap.
2022-01-07 12:00:00,-20.54917,-70.18111,17.8,200006.0,Diego Aracena Iquique Ap.
2022-01-08 12:00:00,-20.54917,-70.18111,19.6,200006.0,Diego Aracena Iquique Ap.
2022-01-09 12:00:00,-20.54917,-70.18111,19.5,200006.0,Diego Aracena Iquique Ap.
2022-01-10 12:00:00,-20.54917,-70.18111,19.5,200006.0,Diego Aracena Iquique Ap.
2022-01-11 12:00:00,-20.54917,-70.18111,19.3,200006.0,Diego Aracena Iquique Ap.
2022-01-12 12:00:00,-20.54917,-70.18111,18.2,200006.0,Diego Aracena Iquique Ap.
2022-01-13 12:00:00,-20.54917,-70.18111,17.9,200006.0,Diego Aracena Iquique Ap.
2022-01-14 12:00:00,-20.54917,-70.18111,18.1,200006.0,Diego Aracena Iquique Ap.
2022-01-15 12:00:00,-20.54917,-70.18111,19.1,200006.0,Diego Aracena Iquique Ap.
2022-01-16 12:00:00,-20.54917,-70.18111,18.0,200006.0,Diego Aracena Iquique Ap.
2022-01-17 12:00:00,-20.54917,-70.18111,18.3,200006.0,Diego Aracena Iquique Ap.
2022-01-01 12:00:00,-22.49806,-68.8925,6.1,220002.0,"El Loa, Calama Ad."
2022-01-02 12:00:00,-22.49806,-68.8925,5.1,220002.0,"El Loa, Calama Ad."
2022-01-03 12:00:00,-22.49806,-68.8925,4.5,220002.0,"El Loa, Calama Ad."
2022-01-04 12:00:00,-22.49806,-68.8925,5.2,220002.0,"El Loa, Calama Ad."
2022-01-05 12:00:00,-22.49806,-68.8925,5.0,220002.0,"El Loa, Calama Ad."
2022-01-06 12:00:00,-22.49806,-68.8925,4.1,220002.0,"El Loa, Calama Ad."
2022-01-07 12:00:00,-22.49806,-68.8925,6.3,220002.0,"El Loa, Calama Ad."
2022-01-08 12:00:00,-22.49806,-68.8925,9.9,220002.0,"El Loa, Calama Ad."
2022-01-09 12:00:00,-22.49806,-68.8925,10.9,220002.0,"El Loa, Calama Ad."
2022-01-10 12:00:00,-22.49806,-68.8925,12.4,220002.0,"El Loa, Calama Ad."
2022-01-11 12:00:00,-22.49806,-68.8925,11.9,220002.0,"El Loa, Calama Ad."
2022-01-12 12:00:00,-22.49806,-68.8925,10.1,220002.0,"El Loa, Calama Ad."
2022-01-13 12:00:00,-22.49806,-68.8925,8.1,220002.0,"El Loa, Calama Ad."
2022-01-14 12:00:00,-22.49806,-68.8925,10.5,220002.0,"El Loa, Calama Ad."
2022-01-15 12:00:00,-22.49806,-68.8925,8.4,220002.0,"El Loa, Calama Ad."
2022-01-16 12:00:00,-22.49806,-68.8925,8.3,220002.0,"El Loa, Calama Ad."
2022-01-17 12:00:00,-22.49806,-68.8925,7.6,220002.0,"El Loa, Calama Ad."
2022-01-01 15:00:00,-27.15889,-109.4325,19.8,270001.0,Mataveri  Isla de Pascua Ap.
2022-01-02 15:00:00,-27.15889,-109.4325,18.1,270001.0,Mataveri  Isla de Pascua Ap.
2022-01-03 15:00:00,-27.15889,-109.4325,17.4,270001.0,Mataveri  Isla de Pascua Ap.
2022-01-04 15:00:00,-27.15889,-109.4325,17.0,270001.0,Mataveri  Isla de Pascua Ap.
2022-01-05 15:00:00,-27.15889,-109.4325,16.1,270001.0,Mataveri  Isla de Pascua Ap.
2022-01-06 15:00:00,-27.15889,-109.4325,18.5,270001.0,Mataveri  Isla de Pascua Ap.
2022-01-07 15:00:00,-27.15889,-109.4325,18.0,270001.0,Mataveri  Isla de Pascua Ap.
2022-01-08 15:00:00,-27.15889,-109.4325,19.7,270001.0,Mataveri  Isla de Pascua Ap.
2022-01-09 15:00:00,-27.15889,-109.4325,20.7,270001.0,Mataveri  Isla de Pascua Ap.
2022-01-10 15:00:00,-27.15889,-109.4325,20.4,270001.0,Mataveri  Isla de Pascua Ap.
2022-01-11 15:00:00,-27.15889,-109.4325,19.5,270001.0,Mataveri  Isla de Pascua Ap.
2022-01-12 15:00:00,-27.15889,-109.4325,20.1,270001.0,Mataveri  Isla de Pascua Ap.
2022-01-13 15:00:00,-27.15889,-109.4325,17.6,270001.0,Mataveri  Isla de Pascua Ap.
2022-01-14 15:00:00,-27.15889,-109.4325,17.7,270001.0,Mataveri  Isla de Pascua Ap.
2022-01-15 15:00:00,-27.15889,-109.4325,18.3,270001.0,Mataveri  Isla de Pascua Ap.
2022-01-16 15:00:00,-27.15889,-109.4325,19.9,270001.0,Mataveri  Isla de Pascua Ap.
2022-01-17 15:00:00,-27.15889,-109.4325,20.6,270001.0,Mataveri  Isla de Pascua Ap.
2022-01-01 12:00:00,-27.25444,-70.78111,,270008.0,"Desierto de Atacama, Caldera  Ad."
2022-01-02 12:00:00,-27.25444,-70.78111,,270008.0,"Desierto de Atacama, Caldera  Ad."
2022-01-03 12:00:00,-27.25444,-70.78111,,270008.0,"Desierto de Atacama, Caldera  Ad."
2022-01-04 12:00:00,-27.25444,-70.78111,,270008.0,"Desierto de Atacama, Caldera  Ad."
2022-01-05 12:00:00,-27.25444,-70.78111,,270008.0,"Desierto de Atacama, Caldera  Ad."
2022-01-06 12:00:00,-27.25444,-70.78111,,270008.0,"Desierto de Atacama, Caldera  Ad."
2022-01-07 12:00:00,-27.25444,-70.78111,,270008.0,"Desierto de Atacama, Caldera  Ad."
2022-01-08 12:00:00,-27.25444,-70.78111,,270008.0,"Desierto de Atacama, Caldera  Ad."
2022-01-09 12:00:00,-27.25444,-70.78111,,270008.0,"Desierto de Atacama, Caldera  Ad."
2022-01-10 12:00:00,-27.25444,-70.78111,,270008.0,"Desierto de Atacama, Caldera  Ad."
2022-01-11 12:00:00,-27.25444,-70.78111,,270008.0,"Desierto de Atacama, Caldera  Ad."
2022-01-12 12:00:00,-27.25444,-70.78111,,270008.0,"Desierto de Atacama, Caldera  Ad."
2022-01-13 12:00:00,-27.25444,-70.78111,,270008.0,"Desierto de Atacama, Caldera  Ad."
2022-01-14 12:00:00,-27.25444,-70.78111,,270008.0,"Desierto de Atacama, Caldera  Ad."
2022-01-15 12:00:00,-27.25444,-70.78111,,270008.0,"Desierto de Atacama, Caldera  Ad."
2022-01-16 12:00:00,-27.25444,-70.78111,,270008.0,"Desierto de Atacama, Caldera  Ad."
2022-01-17 12:00:00,-27.25444,-70.78111,,270008.0,"Desierto de Atacama, Caldera  Ad."
2022-01-01 12:00:00,-27.35889,-70.35333,15.4,270009.0,Copiapó Universidad de Atacama
2022-01-02 12:00:00,-27.35889,-70.35333,12.1,270009.0,Copiapó Universidad de Atacama
2022-01-03 12:00:00,-27.35889,-70.35333,12.1,270009.0,Copiapó Universidad de Atacama
2022-01-04 12:00:00,-27.35889,-70.35333,12.6,270009.0,Copiapó Universidad de Atacama
2022-01-05 12:00:00,-27.35889,-70.35333,14.1,270009.0,Copiapó Universidad de Atacama
2022-01-06 12:00:00,-27.35889,-70.35333,13.1,270009.0,Copiapó Universidad de Atacama
2022-01-07 12:00:00,-27.35889,-70.35333,12.9,270009.0,Copiapó Universidad de Atacama
2022-01-08 12:00:00,-27.35889,-70.35333,14.5,270009.0,Copiapó Universidad de Atacama
2022-01-09 12:00:00,-27.35889,-70.35333,13.5,270009.0,Copiapó Universidad de Atacama
2022-01-10 12:00:00,-27.35889,-70.35333,15.3,270009.0,Copiapó Universidad de Atacama
2022-01-11 12:00:00,-27.35889,-70.35333,15.4,270009.0,Copiapó Universidad de Atacama
2022-01-12 12:00:00,-27.35889,-70.35333,15.8,270009.0,Copiapó Universidad de Atacama
2022-01-13 12:00:00,-27.35889,-70.35333,15.7,270009.0,Copiapó Universidad de Atacama
2022-01-14 12:00:00,-27.35889,-70.35333,16.2,270009.0,Copiapó Universidad de Atacama
2022-01-15 12:00:00,-27.35889,-70.35333,16.5,270009.0,Copiapó Universidad de Atacama
2022-01-16 12:00:00,-27.35889,-70.35333,16.1,270009.0,Copiapó Universidad de Atacama
2022-01-17 12:00:00,-27.35889,-70.35333,14.1,270009.0,Copiapó Universidad de Atacama
2022-01-01 12:00:00,-29.91444,-71.20667,14.0,290004.0,"La Florida, La Serena Ad."
2022-01-02 12:00:00,-29.91444,-71.20667,13.8,290004.0,"La Florida, La Serena Ad."
2022-01-03 12:00:00,-29.91444,-71.20667,14.1,290004.0,"La Florida, La Serena Ad."
2022-01-04 12:00:00,-29.91444,-71.20667,13.4,290004.0,"La Florida, La Serena Ad."
2022-01-05 12:00:00,-29.91444,-71.20667,14.8,290004.0,"La Florida, La Serena Ad."
2022-01-06 12:00:00,-29.91444,-71.20667,13.4,290004.0,"La Florida, La Serena Ad."
2022-01-07 12:00:00,-29.91444,-71.20667,12.9,290004.0,"La Florida, La Serena Ad."
2022-01-08 12:00:00,-29.91444,-71.20667,14.7,290004.0,"La Florida, La Serena Ad."
2022-01-09 12:00:00,-29.91444,-71.20667,14.4,290004.0,"La Florida, La Serena Ad."
2022-01-10 12:00:00,-29.91444,-71.20667,15.5,290004.0,"La Florida, La Serena Ad."
2022-01-11 12:00:00,-29.91444,-71.20667,15.6,290004.0,"La Florida, La Serena Ad."
2022-01-12 12:00:00,-29.91444,-71.20667,16.2,290004.0,"La Florida, La Serena Ad."
2022-01-13 12:00:00,-29.91444,-71.20667,15.9,290004.0,"La Florida, La Serena Ad."
2022-01-14 12:00:00,-29.91444,-71.20667,15.0,290004.0,"La Florida, La Serena Ad."
2022-01-15 12:00:00,-29.91444,-71.20667,16.2,290004.0,"La Florida, La Serena Ad."
2022-01-16 12:00:00,-29.91444,-71.20667,15.1,290004.0,"La Florida, La Serena Ad."
2022-01-17 12:00:00,-29.91444,-71.20667,13.2,290004.0,"La Florida, La Serena Ad."
2022-01-01 12:00:00,-30.03361,-70.69722,12.2,300046.0,"Vicuña, Parque Los Pimientos"
2022-01-02 12:00:00,-30.03361,-70.69722,12.9,300046.0,"Vicuña, Parque Los Pimientos"
2022-01-03 12:00:00,-30.03361,-70.69722,13.3,300046.0,"Vicuña, Parque Los Pimientos"
2022-01-04 12:00:00,-30.03361,-70.69722,13.2,300046.0,"Vicuña, Parque Los Pimientos"
2022-01-05 12:00:00,-30.03361,-70.69722,12.8,300046.0,"Vicuña, Parque Los Pimientos"
2022-01-06 12:00:00,-30.03361,-70.69722,12.2,300046.0,"Vicuña, Parque Los Pimientos"
2022-01-07 12:00:00,-30.03361,-70.69722,12.6,300046.0,"Vicuña, Parque Los Pimientos"
2022-01-08 12:00:00,-30.03361,-70.69722,12.5,300046.0,"Vicuña, Parque Los Pimientos"
2022-01-09 12:00:00,-30.03361,-70.69722,11.6,300046.0,"Vicuña, Parque Los Pimientos"
2022-01-10 12:00:00,-30.03361,-70.69722,14.2,300046.0,"Vicuña, Parque Los Pimientos"
2022-01-11 12:00:00,-30.03361,-70.69722,14.3,300046.0,"Vicuña, Parque Los Pimientos"
2022-01-12 12:00:00,-30.03361,-70.69722,15.7,300046.0,"Vicuña, Parque Los Pimientos"
2022-01-13 12:00:00,-30.03361,-70.69722,14.9,300046.0,"Vicuña, Parque Los Pimientos"
2022-01-14 12:00:00,-30.03361,-70.69722,14.7,300046.0,"Vicuña, Parque Los Pimientos"
2022-01-15 12:00:00,-30.03361,-70.69722,14.6,300046.0,"Vicuña, Parque Los Pimientos"
2022-01-16 12:00:00,-30.03361,-70.69722,13.9,300046.0,"Vicuña, Parque Los Pimientos"
2022-01-17 12:00:00,-30.03361,-70.69722,11.5,300046.0,"Vicuña, Parque Los Pimientos"
2022-01-01 12:00:00,-31.18805,-70.99889,13.6,310024.0,Liceo Samuel Román Rojas (Combarbalá)
2022-01-02 12:00:00,-31.18805,-70.99889,15.8,310024.0,Liceo Samuel Román Rojas (Combarbalá)
2022-01-03 12:00:00,-31.18805,-70.99889,16.3,310024.0,Liceo Samuel Román Rojas (Combarbalá)
2022-01-04 12:00:00,-31.18805,-70.99889,15.8,310024.0,Liceo Samuel Román Rojas (Combarbalá)
2022-01-05 12:00:00,-31.18805,-70.99889,16.3,310024.0,Liceo Samuel Román Rojas (Combarbalá)
2022-01-06 12:00:00,-31.18805,-70.99889,14.8,310024.0,Liceo Samuel Román Rojas (Combarbalá)
2022-01-07 12:00:00,-31.18805,-70.99889,15.0,310024.0,Liceo Samuel Román Rojas (Combarbalá)
2022-01-08 12:00:00,-31.18805,-70.99889,15.1,310024.0,Liceo Samuel Román Rojas (Combarbalá)
2022-01-09 12:00:00,-31.18805,-70.99889,11.6,310024.0,Liceo Samuel Román Rojas (Combarbalá)
2022-01-10 12:00:00,-31.18805,-70.99889,13.6,310024.0,Liceo Samuel Román Rojas (Combarbalá)
2022-01-11 12:00:00,-31.18805,-70.99889,17.0,310024.0,Liceo Samuel Román Rojas (Combarbalá)
2022-01-12 12:00:00,-31.18805,-70.99889,17.6,310024.0,Liceo Samuel Román Rojas (Combarbalá)
2022-01-13 12:00:00,-31.18805,-70.99889,16.3,310024.0,Liceo Samuel Román Rojas (Combarbalá)
2022-01-14 12:00:00,-31.18805,-70.99889,16.6,310024.0,Liceo Samuel Román Rojas (Combarbalá)
2022-01-15 12:00:00,-31.18805,-70.99889,15.0,310024.0,Liceo Samuel Román Rojas (Combarbalá)
2022-01-16 12:00:00,-31.18805,-70.99889,14.1,310024.0,Liceo Samuel Román Rojas (Combarbalá)
2022-01-17 12:00:00,-31.18805,-70.99889,13.1,310024.0,Liceo Samuel Román Rojas (Combarbalá)
2022-01-01 12:00:00,-32.75528,-70.70694,9.5,320019.0,San Felipe Escuela Agrícola
2022-01-02 12:00:00,-32.75528,-70.70694,9.0,320019.0,San Felipe Escuela Agrícola
2022-01-03 12:00:00,-32.75528,-70.70694,10.3,320019.0,San Felipe Escuela Agrícola
2022-01-04 12:00:00,-32.75528,-70.70694,12.3,320019.0,San Felipe Escuela Agrícola
2022-01-05 12:00:00,-32.75528,-70.70694,12.5,320019.0,San Felipe Escuela Agrícola
2022-01-06 12:00:00,-32.75528,-70.70694,12.2,320019.0,San Felipe Escuela Agrícola
2022-01-07 12:00:00,-32.75528,-70.70694,12.2,320019.0,San Felipe Escuela Agrícola
2022-01-08 12:00:00,-32.75528,-70.70694,13.5,320019.0,San Felipe Escuela Agrícola
2022-01-09 12:00:00,-32.75528,-70.70694,12.2,320019.0,San Felipe Escuela Agrícola
2022-01-10 12:00:00,-32.75528,-70.70694,12.2,320019.0,San Felipe Escuela Agrícola
2022-01-11 12:00:00,-32.75528,-70.70694,14.3,320019.0,San Felipe Escuela Agrícola
2022-01-12 12:00:00,-32.75528,-70.70694,15.1,320019.0,San Felipe Escuela Agrícola
2022-01-13 12:00:00,-32.75528,-70.70694,13.8,320019.0,San Felipe Escuela Agrícola
2022-01-14 12:00:00,-32.75528,-70.70694,13.8,320019.0,San Felipe Escuela Agrícola
2022-01-15 12:00:00,-32.75528,-70.70694,14.1,320019.0,San Felipe Escuela Agrícola
2022-01-16 12:00:00,-32.75528,-70.70694,13.5,320019.0,San Felipe Escuela Agrícola
2022-01-17 12:00:00,-32.75528,-70.70694,12.3,320019.0,San Felipe Escuela Agrícola
2022-01-01 12:00:00,-32.94944,-71.47611,8.2,320041.0,Viña del Mar  Ad. (Torquemada)
2022-01-02 12:00:00,-32.94944,-71.47611,10.7,320041.0,Viña del Mar  Ad. (Torquemada)
2022-01-03 12:00:00,-32.94944,-71.47611,11.6,320041.0,Viña del Mar  Ad. (Torquemada)
2022-01-04 12:00:00,-32.94944,-71.47611,14.0,320041.0,Viña del Mar  Ad. (Torquemada)
2022-01-05 12:00:00,-32.94944,-71.47611,11.7,320041.0,Viña del Mar  Ad. (Torquemada)
2022-01-06 12:00:00,-32.94944,-71.47611,12.3,320041.0,Viña del Mar  Ad. (Torquemada)
2022-01-07 12:00:00,-32.94944,-71.47611,10.3,320041.0,Viña del Mar  Ad. (Torquemada)
2022-01-08 12:00:00,-32.94944,-71.47611,13.6,320041.0,Viña del Mar  Ad. (Torquemada)
2022-01-09 12:00:00,-32.94944,-71.47611,13.6,320041.0,Viña del Mar  Ad. (Torquemada)
2022-01-10 12:00:00,-32.94944,-71.47611,12.2,320041.0,Viña del Mar  Ad. (Torquemada)
2022-01-11 12:00:00,-32.94944,-71.47611,13.0,320041.0,Viña del Mar  Ad. (Torquemada)
2022-01-12 12:00:00,-32.94944,-71.47611,15.1,320041.0,Viña del Mar  Ad. (Torquemada)
2022-01-13 12:00:00,-32.94944,-71.47611,15.2,320041.0,Viña del Mar  Ad. (Torquemada)
2022-01-14 12:00:00,-32.94944,-71.47611,11.5,320041.0,Viña del Mar  Ad. (Torquemada)
2022-01-15 12:00:00,-32.94944,-71.47611,14.5,320041.0,Viña del Mar  Ad. (Torquemada)
2022-01-16 12:00:00,-32.94944,-71.47611,15.2,320041.0,Viña del Mar  Ad. (Torquemada)
2022-01-17 12:00:00,-32.94944,-71.47611,15.2,320041.0,Viña del Mar  Ad. (Torquemada)
2022-01-02 12:00:00,-32.84555,-70.11917,6.2,320051.0,Los Libertadores
2022-01-03 12:00:00,-32.84555,-70.11917,7.3,320051.0,Los Libertadores
2022-01-04 12:00:00,-32.84555,-70.11917,7.3,320051.0,Los Libertadores
2022-01-05 12:00:00,-32.84555,-70.11917,9.1,320051.0,Los Libertadores
2022-01-07 12:00:00,-32.84555,-70.11917,11.3,320051.0,Los Libertadores
2022-01-01 12:00:00,-33.06528,-71.55639,8.7,330007.0,"Rodelillo, Ad."
2022-01-02 12:00:00,-33.06528,-71.55639,10.3,330007.0,"Rodelillo, Ad."
2022-01-03 12:00:00,-33.06528,-71.55639,12.7,330007.0,"Rodelillo, Ad."
2022-01-04 12:00:00,-33.06528,-71.55639,13.1,330007.0,"Rodelillo, Ad."
2022-01-05 12:00:00,-33.06528,-71.55639,11.3,330007.0,"Rodelillo, Ad."
2022-01-06 12:00:00,-33.06528,-71.55639,11.7,330007.0,"Rodelillo, Ad."
2022-01-07 12:00:00,-33.06528,-71.55639,10.6,330007.0,"Rodelillo, Ad."
2022-01-08 12:00:00,-33.06528,-71.55639,12.4,330007.0,"Rodelillo, Ad."
2022-01-09 12:00:00,-33.06528,-71.55639,14.2,330007.0,"Rodelillo, Ad."
2022-01-10 12:00:00,-33.06528,-71.55639,12.4,330007.0,"Rodelillo, Ad."
2022-01-11 12:00:00,-33.06528,-71.55639,14.1,330007.0,"Rodelillo, Ad."
2022-01-12 12:00:00,-33.06528,-71.55639,13.7,330007.0,"Rodelillo, Ad."
2022-01-13 12:00:00,-33.06528,-71.55639,13.8,330007.0,"Rodelillo, Ad."
2022-01-14 12:00:00,-33.06528,-71.55639,11.9,330007.0,"Rodelillo, Ad."
2022-01-15 12:00:00,-33.06528,-71.55639,14.0,330007.0,"Rodelillo, Ad."
2022-01-16 12:00:00,-33.06528,-71.55639,13.1,330007.0,"Rodelillo, Ad."
2022-01-17 12:00:00,-33.06528,-71.55639,11.3,330007.0,"Rodelillo, Ad."
2022-01-01 12:00:00,-33.45528,-70.54861,12.6,330019.0,"Eulogio Sánchez, Tobalaba Ad."
2022-01-02 12:00:00,-33.45528,-70.54861,12.4,330019.0,"Eulogio Sánchez, Tobalaba Ad."
2022-01-03 12:00:00,-33.45528,-70.54861,13.5,330019.0,"Eulogio Sánchez, Tobalaba Ad."
2022-01-04 12:00:00,-33.45528,-70.54861,14.7,330019.0,"Eulogio Sánchez, Tobalaba Ad."
2022-01-05 12:00:00,-33.45528,-70.54861,16.1,330019.0,"Eulogio Sánchez, Tobalaba Ad."
2022-01-06 12:00:00,-33.45528,-70.54861,14.7,330019.0,"Eulogio Sánchez, Tobalaba Ad."
2022-01-07 12:00:00,-33.45528,-70.54861,14.6,330019.0,"Eulogio Sánchez, Tobalaba Ad."
2022-01-08 12:00:00,-33.45528,-70.54861,16.1,330019.0,"Eulogio Sánchez, Tobalaba Ad."
2022-01-09 12:00:00,-33.45528,-70.54861,14.5,330019.0,"Eulogio Sánchez, Tobalaba Ad."
2022-01-10 12:00:00,-33.45528,-70.54861,14.3,330019.0,"Eulogio Sánchez, Tobalaba Ad."
2022-01-11 12:00:00,-33.45528,-70.54861,15.9,330019.0,"Eulogio Sánchez, Tobalaba Ad."
2022-01-12 12:00:00,-33.45528,-70.54861,16.8,330019.0,"Eulogio Sánchez, Tobalaba Ad."
2022-01-13 12:00:00,-33.45528,-70.54861,14.6,330019.0,"Eulogio Sánchez, Tobalaba Ad."
2022-01-14 12:00:00,-33.45528,-70.54861,14.8,330019.0,"Eulogio Sánchez, Tobalaba Ad."
2022-01-15 12:00:00,-33.45528,-70.54861,16.1,330019.0,"Eulogio Sánchez, Tobalaba Ad."
2022-01-16 12:00:00,-33.45528,-70.54861,14.1,330019.0,"Eulogio Sánchez, Tobalaba Ad."
2022-01-17 12:00:00,-33.45528,-70.54861,11.4,330019.0,"Eulogio Sánchez, Tobalaba Ad."
2022-01-01 12:00:00,-33.445,-70.68278,11.3,330020.0,"Quinta Normal, Santiago"
2022-01-02 12:00:00,-33.445,-70.68278,11.5,330020.0,"Quinta Normal, Santiago"
2022-01-03 12:00:00,-33.445,-70.68278,12.5,330020.0,"Quinta Normal, Santiago"
2022-01-04 12:00:00,-33.445,-70.68278,14.0,330020.0,"Quinta Normal, Santiago"
2022-01-05 12:00:00,-33.445,-70.68278,15.0,330020.0,"Quinta Normal, Santiago"
2022-01-06 12:00:00,-33.445,-70.68278,13.5,330020.0,"Quinta Normal, Santiago"
2022-01-07 12:00:00,-33.445,-70.68278,12.5,330020.0,"Quinta Normal, Santiago"
2022-01-08 12:00:00,-33.445,-70.68278,14.8,330020.0,"Quinta Normal, Santiago"
2022-01-09 12:00:00,-33.445,-70.68278,13.6,330020.0,"Quinta Normal, Santiago"
2022-01-10 12:00:00,-33.445,-70.68278,13.1,330020.0,"Quinta Normal, Santiago"
2022-01-11 12:00:00,-33.445,-70.68278,14.8,330020.0,"Quinta Normal, Santiago"
2022-01-12 12:00:00,-33.445,-70.68278,15.5,330020.0,"Quinta Normal, Santiago"
2022-01-13 12:00:00,-33.445,-70.68278,13.2,330020.0,"Quinta Normal, Santiago"
2022-01-14 12:00:00,-33.445,-70.68278,13.8,330020.0,"Quinta Normal, Santiago"
2022-01-15 12:00:00,-33.445,-70.68278,14.7,330020.0,"Quinta Normal, Santiago"
2022-01-16 12:00:00,-33.445,-70.68278,13.8,330020.0,"Quinta Normal, Santiago"
2022-01-17 12:00:00,-33.445,-70.68278,12.5,330020.0,"Quinta Normal, Santiago"
2022-01-01 12:00:00,-33.37833,-70.78778,11.0,330021.0,Pudahuel Santiago 
2022-01-02 12:00:00,-33.37833,-70.78778,11.2,330021.0,Pudahuel Santiago 
2022-01-03 12:00:00,-33.37833,-70.78778,13.4,330021.0,Pudahuel Santiago 
2022-01-04 12:00:00,-33.37833,-70.78778,15.2,330021.0,Pudahuel Santiago 
2022-01-05 12:00:00,-33.37833,-70.78778,16.2,330021.0,Pudahuel Santiago 
2022-01-06 12:00:00,-33.37833,-70.78778,13.9,330021.0,Pudahuel Santiago 
2022-01-07 12:00:00,-33.37833,-70.78778,12.9,330021.0,Pudahuel Santiago 
2022-01-08 12:00:00,-33.37833,-70.78778,16.3,330021.0,Pudahuel Santiago 
2022-01-09 12:00:00,-33.37833,-70.78778,14.0,330021.0,Pudahuel Santiago 
2022-01-10 12:00:00,-33.37833,-70.78778,14.5,330021.0,Pudahuel Santiago 
2022-01-11 12:00:00,-33.37833,-70.78778,16.5,330021.0,Pudahuel Santiago 
2022-01-12 12:00:00,-33.37833,-70.78778,15.0,330021.0,Pudahuel Santiago 
2022-01-13 12:00:00,-33.37833,-70.78778,13.6,330021.0,Pudahuel Santiago 
2022-01-14 12:00:00,-33.37833,-70.78778,14.7,330021.0,Pudahuel Santiago 
2022-01-15 12:00:00,-33.37833,-70.78778,15.7,330021.0,Pudahuel Santiago 
2022-01-16 12:00:00,-33.37833,-70.78778,13.8,330021.0,Pudahuel Santiago 
2022-01-17 12:00:00,-33.37833,-70.78778,13.1,330021.0,Pudahuel Santiago 
2022-01-01 12:00:00,-33.65611,-71.61333,5.9,330030.0,"Santo Domingo, Ad."
2022-01-02 12:00:00,-33.65611,-71.61333,7.8,330030.0,"Santo Domingo, Ad."
2022-01-03 12:00:00,-33.65611,-71.61333,10.8,330030.0,"Santo Domingo, Ad."
2022-01-04 12:00:00,-33.65611,-71.61333,10.3,330030.0,"Santo Domingo, Ad."
2022-01-05 12:00:00,-33.65611,-71.61333,12.9,330030.0,"Santo Domingo, Ad."
2022-01-06 12:00:00,-33.65611,-71.61333,11.1,330030.0,"Santo Domingo, Ad."
2022-01-07 12:00:00,-33.65611,-71.61333,12.8,330030.0,"Santo Domingo, Ad."
2022-01-08 12:00:00,-33.65611,-71.61333,14.1,330030.0,"Santo Domingo, Ad."
2022-01-09 12:00:00,-33.65611,-71.61333,16.0,330030.0,"Santo Domingo, Ad."
2022-01-10 12:00:00,-33.65611,-71.61333,14.0,330030.0,"Santo Domingo, Ad."
2022-01-11 12:00:00,-33.65611,-71.61333,15.4,330030.0,"Santo Domingo, Ad."
2022-01-12 12:00:00,-33.65611,-71.61333,15.4,330030.0,"Santo Domingo, Ad."
2022-01-13 12:00:00,-33.65611,-71.61333,14.8,330030.0,"Santo Domingo, Ad."
2022-01-14 12:00:00,-33.65611,-71.61333,9.6,330030.0,"Santo Domingo, Ad."
2022-01-15 12:00:00,-33.65611,-71.61333,12.0,330030.0,"Santo Domingo, Ad."
2022-01-16 12:00:00,-33.65611,-71.61333,14.3,330030.0,"Santo Domingo, Ad."
2022-01-17 12:00:00,-33.65611,-71.61333,8.3,330030.0,"Santo Domingo, Ad."
2022-01-01 12:00:00,-33.63583,-78.83305,14.0,330031.0,"Juan Fernández, Estación Meteorológica."
2022-01-02 12:00:00,-33.63583,-78.83305,16.6,330031.0,"Juan Fernández, Estación Meteorológica."
2022-01-03 12:00:00,-33.63583,-78.83305,17.3,330031.0,"Juan Fernández, Estación Meteorológica."
2022-01-04 12:00:00,-33.63583,-78.83305,16.8,330031.0,"Juan Fernández, Estación Meteorológica."
2022-01-05 12:00:00,-33.63583,-78.83305,15.8,330031.0,"Juan Fernández, Estación Meteorológica."
2022-01-06 12:00:00,-33.63583,-78.83305,15.3,330031.0,"Juan Fernández, Estación Meteorológica."
2022-01-07 12:00:00,-33.63583,-78.83305,15.5,330031.0,"Juan Fernández, Estación Meteorológica."
2022-01-08 12:00:00,-33.63583,-78.83305,15.2,330031.0,"Juan Fernández, Estación Meteorológica."
2022-01-09 12:00:00,-33.63583,-78.83305,15.0,330031.0,"Juan Fernández, Estación Meteorológica."
2022-01-10 12:00:00,-33.63583,-78.83305,14.7,330031.0,"Juan Fernández, Estación Meteorológica."
2022-01-11 12:00:00,-33.63583,-78.83305,15.3,330031.0,"Juan Fernández, Estación Meteorológica."
2022-01-12 12:00:00,-33.63583,-78.83305,16.0,330031.0,"Juan Fernández, Estación Meteorológica."
2022-01-13 12:00:00,-33.63583,-78.83305,18.3,330031.0,"Juan Fernández, Estación Meteorológica."
2022-01-14 12:00:00,-33.63583,-78.83305,18.2,330031.0,"Juan Fernández, Estación Meteorológica."
2022-01-15 12:00:00,-33.63583,-78.83305,16.9,330031.0,"Juan Fernández, Estación Meteorológica."
2022-01-16 12:00:00,-33.63583,-78.83305,15.6,330031.0,"Juan Fernández, Estación Meteorológica."
2022-01-17 12:00:00,-33.63583,-78.83305,13.3,330031.0,"Juan Fernández, Estación Meteorológica."
2022-01-01 12:00:00,-33.35,-70.29361,6.6,330077.0,El Colorado
2022-01-02 12:00:00,-33.35,-70.29361,6.9,330077.0,El Colorado
2022-01-03 12:00:00,-33.35,-70.29361,7.2,330077.0,El Colorado
2022-01-04 12:00:00,-33.35,-70.29361,7.5,330077.0,El Colorado
2022-01-05 12:00:00,-33.35,-70.29361,9.2,330077.0,El Colorado
2022-01-06 12:00:00,-33.35,-70.29361,9.5,330077.0,El Colorado
2022-01-07 12:00:00,-33.35,-70.29361,8.7,330077.0,El Colorado
2022-01-08 12:00:00,-33.35,-70.29361,10.5,330077.0,El Colorado
2022-01-09 12:00:00,-33.35,-70.29361,8.4,330077.0,El Colorado
2022-01-10 12:00:00,-33.35,-70.29361,10.7,330077.0,El Colorado
2022-01-11 12:00:00,-33.35,-70.29361,11.1,330077.0,El Colorado
2022-01-12 12:00:00,-33.35,-70.29361,11.9,330077.0,El Colorado
2022-01-01 12:00:00,-33.45806,-70.94861,10.2,330111.0,Lo Prado Cerro San Francisco
2022-01-02 12:00:00,-33.45806,-70.94861,11.0,330111.0,Lo Prado Cerro San Francisco
2022-01-03 12:00:00,-33.45806,-70.94861,13.6,330111.0,Lo Prado Cerro San Francisco
2022-01-04 12:00:00,-33.45806,-70.94861,12.9,330111.0,Lo Prado Cerro San Francisco
2022-01-05 12:00:00,-33.45806,-70.94861,15.3,330111.0,Lo Prado Cerro San Francisco
2022-01-06 12:00:00,-33.45806,-70.94861,12.3,330111.0,Lo Prado Cerro San Francisco
2022-01-07 12:00:00,-33.45806,-70.94861,14.1,330111.0,Lo Prado Cerro San Francisco
2022-01-08 12:00:00,-33.45806,-70.94861,16.3,330111.0,Lo Prado Cerro San Francisco
2022-01-09 12:00:00,-33.45806,-70.94861,10.3,330111.0,Lo Prado Cerro San Francisco
2022-01-10 12:00:00,-33.45806,-70.94861,12.5,330111.0,Lo Prado Cerro San Francisco
2022-01-11 12:00:00,-33.45806,-70.94861,13.9,330111.0,Lo Prado Cerro San Francisco
2022-01-12 12:00:00,-33.45806,-70.94861,14.2,330111.0,Lo Prado Cerro San Francisco
2022-01-13 12:00:00,-33.45806,-70.94861,14.1,330111.0,Lo Prado Cerro San Francisco
2022-01-14 12:00:00,-33.45806,-70.94861,13.4,330111.0,Lo Prado Cerro San Francisco
2022-01-15 12:00:00,-33.45806,-70.94861,14.4,330111.0,Lo Prado Cerro San Francisco
2022-01-16 12:00:00,-33.45806,-70.94861,9.4,330111.0,Lo Prado Cerro San Francisco
2022-01-17 12:00:00,-33.45806,-70.94861,6.8,330111.0,Lo Prado Cerro San Francisco
2022-01-01 12:00:00,-33.61528,-70.35055,9.2,330112.0,San José  Guayacán
2022-01-02 12:00:00,-33.61528,-70.35055,9.8,330112.0,San José  Guayacán
2022-01-03 12:00:00,-33.61528,-70.35055,9.1,330112.0,San José  Guayacán
2022-01-04 12:00:00,-33.61528,-70.35055,11.4,330112.0,San José  Guayacán
2022-01-05 12:00:00,-33.61528,-70.35055,12.8,330112.0,San José  Guayacán
2022-01-06 12:00:00,-33.61528,-70.35055,11.8,330112.0,San José  Guayacán
2022-01-07 12:00:00,-33.61528,-70.35055,11.9,330112.0,San José  Guayacán
2022-01-08 12:00:00,-33.61528,-70.35055,12.0,330112.0,San José  Guayacán
2022-01-09 12:00:00,-33.61528,-70.35055,12.5,330112.0,San José  Guayacán
2022-01-10 12:00:00,-33.61528,-70.35055,11.6,330112.0,San José  Guayacán
2022-01-11 12:00:00,-33.61528,-70.35055,13.1,330112.0,San José  Guayacán
2022-01-12 12:00:00,-33.61528,-70.35055,13.7,330112.0,San José  Guayacán
2022-01-13 12:00:00,-33.61528,-70.35055,13.7,330112.0,San José  Guayacán
2022-01-14 12:00:00,-33.61528,-70.35055,13.3,330112.0,San José  Guayacán
2022-01-15 12:00:00,-33.61528,-70.35055,13.0,330112.0,San José  Guayacán
2022-01-16 12:00:00,-33.61528,-70.35055,13.4,330112.0,San José  Guayacán
2022-01-17 12:00:00,-33.61528,-70.35055,10.2,330112.0,San José  Guayacán
2022-01-01 12:00:00,-33.70639,-71.00805,7.8,330113.0,El Paico
2022-01-02 12:00:00,-33.70639,-71.00805,8.6,330113.0,El Paico
2022-01-03 12:00:00,-33.70639,-71.00805,10.4,330113.0,El Paico
2022-01-04 12:00:00,-33.70639,-71.00805,11.1,330113.0,El Paico
2022-01-05 12:00:00,-33.70639,-71.00805,11.9,330113.0,El Paico
2022-01-06 12:00:00,-33.70639,-71.00805,11.2,330113.0,El Paico
2022-01-07 12:00:00,-33.70639,-71.00805,9.1,330113.0,El Paico
2022-01-08 12:00:00,-33.70639,-71.00805,12.3,330113.0,El Paico
2022-01-09 12:00:00,-33.70639,-71.00805,12.1,330113.0,El Paico
2022-01-10 12:00:00,-33.70639,-71.00805,10.8,330113.0,El Paico
2022-01-16 12:00:00,-33.70639,-71.00805,13.4,330113.0,El Paico
2022-01-17 12:00:00,-33.70639,-71.00805,13.7,330113.0,El Paico
2022-01-01 12:00:00,-34.96944,-71.21694,11.2,340031.0,"General Freire, Curicó Ad."
2022-01-02 12:00:00,-34.96944,-71.21694,12.8,340031.0,"General Freire, Curicó Ad."
2022-01-03 12:00:00,-34.96944,-71.21694,14.4,340031.0,"General Freire, Curicó Ad."
2022-01-04 12:00:00,-34.96944,-71.21694,14.9,340031.0,"General Freire, Curicó Ad."
2022-01-05 12:00:00,-34.96944,-71.21694,16.4,340031.0,"General Freire, Curicó Ad."
2022-01-06 12:00:00,-34.96944,-71.21694,13.7,340031.0,"General Freire, Curicó Ad."
2022-01-07 12:00:00,-34.96944,-71.21694,12.3,340031.0,"General Freire, Curicó Ad."
2022-01-08 12:00:00,-34.96944,-71.21694,15.4,340031.0,"General Freire, Curicó Ad."
2022-01-09 12:00:00,-34.96944,-71.21694,15.1,340031.0,"General Freire, Curicó Ad."
2022-01-10 12:00:00,-34.96944,-71.21694,15.0,340031.0,"General Freire, Curicó Ad."
2022-01-11 12:00:00,-34.96944,-71.21694,15.1,340031.0,"General Freire, Curicó Ad."
2022-01-12 12:00:00,-34.96944,-71.21694,14.9,340031.0,"General Freire, Curicó Ad."
2022-01-13 12:00:00,-34.96944,-71.21694,14.1,340031.0,"General Freire, Curicó Ad."
2022-01-14 12:00:00,-34.96944,-71.21694,13.1,340031.0,"General Freire, Curicó Ad."
2022-01-15 12:00:00,-34.96944,-71.21694,15.0,340031.0,"General Freire, Curicó Ad."
2022-01-16 12:00:00,-34.96944,-71.21694,13.5,340031.0,"General Freire, Curicó Ad."
2022-01-17 12:00:00,-34.96944,-71.21694,12.6,340031.0,"General Freire, Curicó Ad."
2022-01-01 12:00:00,-34.17222,-70.77611,11.1,340045.0,Rancagua
2022-01-02 12:00:00,-34.17222,-70.77611,10.3,340045.0,Rancagua
2022-01-03 12:00:00,-34.17222,-70.77611,13.6,340045.0,Rancagua
2022-01-04 12:00:00,-34.17222,-70.77611,13.4,340045.0,Rancagua
2022-01-05 12:00:00,-34.17222,-70.77611,14.6,340045.0,Rancagua
2022-01-06 12:00:00,-34.17222,-70.77611,12.8,340045.0,Rancagua
2022-01-07 12:00:00,-34.17222,-70.77611,12.4,340045.0,Rancagua
2022-01-08 12:00:00,-34.17222,-70.77611,14.6,340045.0,Rancagua
2022-01-09 12:00:00,-34.17222,-70.77611,12.9,340045.0,Rancagua
2022-01-10 12:00:00,-34.17222,-70.77611,12.5,340045.0,Rancagua
2022-01-11 12:00:00,-34.17222,-70.77611,14.5,340045.0,Rancagua
2022-01-12 12:00:00,-34.17222,-70.77611,15.2,340045.0,Rancagua
2022-01-13 12:00:00,-34.17222,-70.77611,13.7,340045.0,Rancagua
2022-01-14 12:00:00,-34.17222,-70.77611,14.0,340045.0,Rancagua
2022-01-15 12:00:00,-34.17222,-70.77611,15.1,340045.0,Rancagua
2022-01-16 12:00:00,-34.17222,-70.77611,13.6,340045.0,Rancagua
2022-01-17 12:00:00,-34.17222,-70.77611,12.2,340045.0,Rancagua
2022-01-01 12:00:00,-36.58583,-72.03667,6.2,360011.0,"General Bernardo O'Higgins, Chillán Ad."
2022-01-02 12:00:00,-36.58583,-72.03667,11.3,360011.0,"General Bernardo O'Higgins, Chillán Ad."
2022-01-03 12:00:00,-36.58583,-72.03667,11.7,360011.0,"General Bernardo O'Higgins, Chillán Ad."
2022-01-04 12:00:00,-36.58583,-72.03667,13.3,360011.0,"General Bernardo O'Higgins, Chillán Ad."
2022-01-05 12:00:00,-36.58583,-72.03667,11.3,360011.0,"General Bernardo O'Higgins, Chillán Ad."
2022-01-06 12:00:00,-36.58583,-72.03667,8.8,360011.0,"General Bernardo O'Higgins, Chillán Ad."
2022-01-07 12:00:00,-36.58583,-72.03667,14.6,360011.0,"General Bernardo O'Higgins, Chillán Ad."
2022-01-08 12:00:00,-36.58583,-72.03667,15.6,360011.0,"General Bernardo O'Higgins, Chillán Ad."
2022-01-09 12:00:00,-36.58583,-72.03667,12.4,360011.0,"General Bernardo O'Higgins, Chillán Ad."
2022-01-10 12:00:00,-36.58583,-72.03667,8.9,360011.0,"General Bernardo O'Higgins, Chillán Ad."
2022-01-11 12:00:00,-36.58583,-72.03667,11.6,360011.0,"General Bernardo O'Higgins, Chillán Ad."
2022-01-12 12:00:00,-36.58583,-72.03667,11.4,360011.0,"General Bernardo O'Higgins, Chillán Ad."
2022-01-13 12:00:00,-36.58583,-72.03667,10.3,360011.0,"General Bernardo O'Higgins, Chillán Ad."
2022-01-14 12:00:00,-36.58583,-72.03667,9.0,360011.0,"General Bernardo O'Higgins, Chillán Ad."
2022-01-15 12:00:00,-36.58583,-72.03667,12.6,360011.0,"General Bernardo O'Higgins, Chillán Ad."
2022-01-16 12:00:00,-36.58583,-72.03667,11.1,360011.0,"General Bernardo O'Higgins, Chillán Ad."
2022-01-17 12:00:00,-36.58583,-72.03667,9.4,360011.0,"General Bernardo O'Higgins, Chillán Ad."
2022-01-01 12:00:00,-36.78055,-73.06639,13.2,360019.0,"Carriel Sur, Concepción Ap."
2022-01-02 12:00:00,-36.78055,-73.06639,15.2,360019.0,"Carriel Sur, Concepción Ap."
2022-01-03 12:00:00,-36.78055,-73.06639,15.7,360019.0,"Carriel Sur, Concepción Ap."
2022-01-04 12:00:00,-36.78055,-73.06639,15.6,360019.0,"Carriel Sur, Concepción Ap."
2022-01-05 12:00:00,-36.78055,-73.06639,11.4,360019.0,"Carriel Sur, Concepción Ap."
2022-01-06 12:00:00,-36.78055,-73.06639,12.3,360019.0,"Carriel Sur, Concepción Ap."
2022-01-07 12:00:00,-36.78055,-73.06639,12.7,360019.0,"Carriel Sur, Concepción Ap."
2022-01-08 12:00:00,-36.78055,-73.06639,13.0,360019.0,"Carriel Sur, Concepción Ap."
2022-01-09 12:00:00,-36.78055,-73.06639,15.1,360019.0,"Carriel Sur, Concepción Ap."
2022-01-10 12:00:00,-36.78055,-73.06639,12.2,360019.0,"Carriel Sur, Concepción Ap."
2022-01-11 12:00:00,-36.78055,-73.06639,14.3,360019.0,"Carriel Sur, Concepción Ap."
2022-01-12 12:00:00,-36.78055,-73.06639,15.1,360019.0,"Carriel Sur, Concepción Ap."
2022-01-13 12:00:00,-36.78055,-73.06639,13.7,360019.0,"Carriel Sur, Concepción Ap."
2022-01-14 12:00:00,-36.78055,-73.06639,14.7,360019.0,"Carriel Sur, Concepción Ap."
2022-01-15 12:00:00,-36.78055,-73.06639,16.3,360019.0,"Carriel Sur, Concepción Ap."
2022-01-16 12:00:00,-36.78055,-73.06639,9.5,360019.0,"Carriel Sur, Concepción Ap."
2022-01-17 12:00:00,-36.78055,-73.06639,9.6,360019.0,"Carriel Sur, Concepción Ap."
2022-01-01 12:00:00,-36.90361,-71.41,,360042.0,Termas de Chillán
2022-01-02 12:00:00,-36.90361,-71.41,,360042.0,Termas de Chillán
2022-01-03 12:00:00,-36.90361,-71.41,,360042.0,Termas de Chillán
2022-01-04 12:00:00,-36.90361,-71.41,,360042.0,Termas de Chillán
2022-01-05 12:00:00,-36.90361,-71.41,,360042.0,Termas de Chillán
2022-01-01 12:00:00,-36.07555,-71.75805,4.6,360047.0,Retiro Copihue
2022-01-02 12:00:00,-36.07555,-71.75805,7.5,360047.0,Retiro Copihue
2022-01-03 12:00:00,-36.07555,-71.75805,10.9,360047.0,Retiro Copihue
2022-01-04 12:00:00,-36.07555,-71.75805,10.3,360047.0,Retiro Copihue
2022-01-05 12:00:00,-36.07555,-71.75805,10.7,360047.0,Retiro Copihue
2022-01-06 12:00:00,-36.07555,-71.75805,7.5,360047.0,Retiro Copihue
2022-01-07 12:00:00,-36.07555,-71.75805,9.1,360047.0,Retiro Copihue
2022-01-08 12:00:00,-36.07555,-71.75805,11.5,360047.0,Retiro Copihue
2022-01-09 12:00:00,-36.07555,-71.75805,8.8,360047.0,Retiro Copihue
2022-01-10 12:00:00,-36.07555,-71.75805,7.6,360047.0,Retiro Copihue
2022-01-11 12:00:00,-36.07555,-71.75805,10.5,360047.0,Retiro Copihue
2022-01-12 12:00:00,-36.07555,-71.75805,10.3,360047.0,Retiro Copihue
2022-01-13 12:00:00,-36.07555,-71.75805,8.8,360047.0,Retiro Copihue
2022-01-14 12:00:00,-36.07555,-71.75805,10.5,360047.0,Retiro Copihue
2022-01-15 12:00:00,-36.07555,-71.75805,10.1,360047.0,Retiro Copihue
2022-01-16 12:00:00,-36.07555,-71.75805,10.3,360047.0,Retiro Copihue
2022-01-17 12:00:00,-36.07555,-71.75805,6.8,360047.0,Retiro Copihue
2022-01-01 12:00:00,-38.76778,-72.63194,12.4,380013.0,"Maquehue, Temuco Ad."
2022-01-02 12:00:00,-38.76778,-72.63194,13.6,380013.0,"Maquehue, Temuco Ad."
2022-01-03 12:00:00,-38.76778,-72.63194,15.8,380013.0,"Maquehue, Temuco Ad."
2022-01-04 12:00:00,-38.76778,-72.63194,12.2,380013.0,"Maquehue, Temuco Ad."
2022-01-05 12:00:00,-38.76778,-72.63194,5.3,380013.0,"Maquehue, Temuco Ad."
2022-01-06 12:00:00,-38.76778,-72.63194,11.1,380013.0,"Maquehue, Temuco Ad."
2022-01-07 12:00:00,-38.76778,-72.63194,11.8,380013.0,"Maquehue, Temuco Ad."
2022-01-08 12:00:00,-38.76778,-72.63194,12.1,380013.0,"Maquehue, Temuco Ad."
2022-01-09 12:00:00,-38.76778,-72.63194,15.0,380013.0,"Maquehue, Temuco Ad."
2022-01-10 12:00:00,-38.76778,-72.63194,9.9,380013.0,"Maquehue, Temuco Ad."
2022-01-11 12:00:00,-38.76778,-72.63194,9.6,380013.0,"Maquehue, Temuco Ad."
2022-01-12 12:00:00,-38.76778,-72.63194,12.0,380013.0,"Maquehue, Temuco Ad."
2022-01-13 12:00:00,-38.76778,-72.63194,10.2,380013.0,"Maquehue, Temuco Ad."
2022-01-14 12:00:00,-38.76778,-72.63194,9.7,380013.0,"Maquehue, Temuco Ad."
2022-01-15 12:00:00,-38.76778,-72.63194,13.3,380013.0,"Maquehue, Temuco Ad."
2022-01-16 12:00:00,-38.76778,-72.63194,5.8,380013.0,"Maquehue, Temuco Ad."
2022-01-17 12:00:00,-38.76778,-72.63194,2.4,380013.0,"Maquehue, Temuco Ad."
2022-01-01 12:00:00,-38.93444,-72.65333,12.4,380029.0,La Araucanía Ad.
2022-01-02 12:00:00,-38.93444,-72.65333,13.8,380029.0,La Araucanía Ad.
2022-01-03 12:00:00,-38.93444,-72.65333,15.1,380029.0,La Araucanía Ad.
2022-01-04 12:00:00,-38.93444,-72.65333,12.3,380029.0,La Araucanía Ad.
2022-01-05 12:00:00,-38.93444,-72.65333,4.2,380029.0,La Araucanía Ad.
2022-01-06 12:00:00,-38.93444,-72.65333,11.1,380029.0,La Araucanía Ad.
2022-01-07 12:00:00,-38.93444,-72.65333,11.6,380029.0,La Araucanía Ad.
2022-01-08 12:00:00,-38.93444,-72.65333,9.6,380029.0,La Araucanía Ad.
2022-01-09 12:00:00,-38.93444,-72.65333,14.4,380029.0,La Araucanía Ad.
2022-01-10 12:00:00,-38.93444,-72.65333,9.0,380029.0,La Araucanía Ad.
2022-01-11 12:00:00,-38.93444,-72.65333,9.2,380029.0,La Araucanía Ad.
2022-01-12 12:00:00,-38.93444,-72.65333,10.0,380029.0,La Araucanía Ad.
2022-01-13 12:00:00,-38.93444,-72.65333,12.3,380029.0,La Araucanía Ad.
2022-01-14 12:00:00,-38.93444,-72.65333,7.6,380029.0,La Araucanía Ad.
2022-01-15 12:00:00,-38.93444,-72.65333,13.0,380029.0,La Araucanía Ad.
2022-01-16 12:00:00,-38.93444,-72.65333,4.6,380029.0,La Araucanía Ad.
2022-01-17 12:00:00,-38.93444,-72.65333,2.4,380029.0,La Araucanía Ad.
2022-01-01 12:00:00,-38.22889,-72.34333,12.0,380063.0,Victoria (Reg.)
2022-01-04 12:00:00,-38.22889,-72.34333,11.7,380063.0,Victoria (Reg.)
2022-01-05 12:00:00,-38.22889,-72.34333,8.7,380063.0,Victoria (Reg.)
2022-01-06 12:00:00,-38.22889,-72.34333,10.8,380063.0,Victoria (Reg.)
2022-01-07 12:00:00,-38.22889,-72.34333,12.1,380063.0,Victoria (Reg.)
2022-01-08 12:00:00,-38.22889,-72.34333,12.8,380063.0,Victoria (Reg.)
2022-01-09 12:00:00,-38.22889,-72.34333,15.2,380063.0,Victoria (Reg.)
2022-01-11 12:00:00,-38.22889,-72.34333,10.3,380063.0,Victoria (Reg.)
2022-01-12 12:00:00,-38.22889,-72.34333,14.2,380063.0,Victoria (Reg.)
2022-01-13 12:00:00,-38.22889,-72.34333,13.5,380063.0,Victoria (Reg.)
2022-01-14 12:00:00,-38.22889,-72.34333,14.8,380063.0,Victoria (Reg.)
2022-01-15 12:00:00,-38.22889,-72.34333,13.6,380063.0,Victoria (Reg.)
2022-01-16 12:00:00,-38.22889,-72.34333,10.4,380063.0,Victoria (Reg.)
2022-01-17 12:00:00,-38.22889,-72.34333,8.5,380063.0,Victoria (Reg.)
2022-01-01 12:00:00,-39.65667,-73.08722,13.0,390006.0,"Pichoy, Valdivia Ad."
2022-01-02 12:00:00,-39.65667,-73.08722,13.3,390006.0,"Pichoy, Valdivia Ad."
2022-01-03 12:00:00,-39.65667,-73.08722,14.8,390006.0,"Pichoy, Valdivia Ad."
2022-01-04 12:00:00,-39.65667,-73.08722,12.2,390006.0,"Pichoy, Valdivia Ad."
2022-01-05 12:00:00,-39.65667,-73.08722,4.6,390006.0,"Pichoy, Valdivia Ad."
2022-01-06 12:00:00,-39.65667,-73.08722,5.1,390006.0,"Pichoy, Valdivia Ad."
2022-01-07 12:00:00,-39.65667,-73.08722,8.5,390006.0,"Pichoy, Valdivia Ad."
2022-01-08 12:00:00,-39.65667,-73.08722,9.5,390006.0,"Pichoy, Valdivia Ad."
2022-01-09 12:00:00,-39.65667,-73.08722,11.2,390006.0,"Pichoy, Valdivia Ad."
2022-01-10 12:00:00,-39.65667,-73.08722,9.3,390006.0,"Pichoy, Valdivia Ad."
2022-01-11 12:00:00,-39.65667,-73.08722,5.4,390006.0,"Pichoy, Valdivia Ad."
2022-01-12 12:00:00,-39.65667,-73.08722,6.7,390006.0,"Pichoy, Valdivia Ad."
2022-01-13 12:00:00,-39.65667,-73.08722,7.0,390006.0,"Pichoy, Valdivia Ad."
2022-01-14 12:00:00,-39.65667,-73.08722,10.4,390006.0,"Pichoy, Valdivia Ad."
2022-01-15 12:00:00,-39.65667,-73.08722,12.8,390006.0,"Pichoy, Valdivia Ad."
2022-01-16 12:00:00,-39.65667,-73.08722,6.8,390006.0,"Pichoy, Valdivia Ad."
2022-01-17 12:00:00,-39.65667,-73.08722,-0.1,390006.0,"Pichoy, Valdivia Ad."
2022-01-01 12:00:00,-40.61444,-73.0575,12.6,400009.0,"Cañal Bajo,  Osorno Ad."
2022-01-02 12:00:00,-40.61444,-73.0575,12.5,400009.0,"Cañal Bajo,  Osorno Ad."
2022-01-03 12:00:00,-40.61444,-73.0575,14.0,400009.0,"Cañal Bajo,  Osorno Ad."
2022-01-04 12:00:00,-40.61444,-73.0575,10.4,400009.0,"Cañal Bajo,  Osorno Ad."
2022-01-05 12:00:00,-40.61444,-73.0575,8.8,400009.0,"Cañal Bajo,  Osorno Ad."
2022-01-06 12:00:00,-40.61444,-73.0575,5.9,400009.0,"Cañal Bajo,  Osorno Ad."
2022-01-07 12:00:00,-40.61444,-73.0575,9.6,400009.0,"Cañal Bajo,  Osorno Ad."
2022-01-08 12:00:00,-40.61444,-73.0575,10.1,400009.0,"Cañal Bajo,  Osorno Ad."
2022-01-09 12:00:00,-40.61444,-73.0575,13.7,400009.0,"Cañal Bajo,  Osorno Ad."
2022-01-10 12:00:00,-40.61444,-73.0575,8.3,400009.0,"Cañal Bajo,  Osorno Ad."
2022-01-11 12:00:00,-40.61444,-73.0575,6.5,400009.0,"Cañal Bajo,  Osorno Ad."
2022-01-12 12:00:00,-40.61444,-73.0575,7.6,400009.0,"Cañal Bajo,  Osorno Ad."
2022-01-13 12:00:00,-40.61444,-73.0575,12.8,400009.0,"Cañal Bajo,  Osorno Ad."
2022-01-14 12:00:00,-40.61444,-73.0575,14.0,400009.0,"Cañal Bajo,  Osorno Ad."
2022-01-15 12:00:00,-40.61444,-73.0575,9.2,400009.0,"Cañal Bajo,  Osorno Ad."
2022-01-16 12:00:00,-40.61444,-73.0575,9.3,400009.0,"Cañal Bajo,  Osorno Ad."
2022-01-17 12:00:00,-40.61444,-73.0575,-0.2,400009.0,"Cañal Bajo,  Osorno Ad."
2022-01-01 12:00:00,-41.4475,-73.09583,12.2,410005.0,El Tepual  Puerto Montt Ap.
2022-01-02 12:00:00,-41.4475,-73.09583,10.6,410005.0,El Tepual  Puerto Montt Ap.
2022-01-03 12:00:00,-41.4475,-73.09583,12.5,410005.0,El Tepual  Puerto Montt Ap.
2022-01-04 12:00:00,-41.4475,-73.09583,10.3,410005.0,El Tepual  Puerto Montt Ap.
2022-01-05 12:00:00,-41.4475,-73.09583,8.6,410005.0,El Tepual  Puerto Montt Ap.
2022-01-06 12:00:00,-41.4475,-73.09583,8.0,410005.0,El Tepual  Puerto Montt Ap.
2022-01-07 12:00:00,-41.4475,-73.09583,9.4,410005.0,El Tepual  Puerto Montt Ap.
2022-01-08 12:00:00,-41.4475,-73.09583,12.7,410005.0,El Tepual  Puerto Montt Ap.
2022-01-09 12:00:00,-41.4475,-73.09583,12.7,410005.0,El Tepual  Puerto Montt Ap.
2022-01-10 12:00:00,-41.4475,-73.09583,13.4,410005.0,El Tepual  Puerto Montt Ap.
2022-01-11 12:00:00,-41.4475,-73.09583,6.1,410005.0,El Tepual  Puerto Montt Ap.
2022-01-12 12:00:00,-41.4475,-73.09583,8.6,410005.0,El Tepual  Puerto Montt Ap.
2022-01-13 12:00:00,-41.4475,-73.09583,11.0,410005.0,El Tepual  Puerto Montt Ap.
2022-01-14 12:00:00,-41.4475,-73.09583,13.9,410005.0,El Tepual  Puerto Montt Ap.
2022-01-15 12:00:00,-41.4475,-73.09583,9.7,410005.0,El Tepual  Puerto Montt Ap.
2022-01-16 12:00:00,-41.4475,-73.09583,7.3,410005.0,El Tepual  Puerto Montt Ap.
2022-01-17 12:00:00,-41.4475,-73.09583,1.5,410005.0,El Tepual  Puerto Montt Ap.
2022-01-01 12:00:00,-43.13361,-73.63278,11.4,430001.0,Quellón Ad.
2022-01-02 12:00:00,-43.13361,-73.63278,9.5,430001.0,Quellón Ad.
2022-01-03 12:00:00,-43.13361,-73.63278,12.0,430001.0,Quellón Ad.
2022-01-04 12:00:00,-43.13361,-73.63278,8.8,430001.0,Quellón Ad.
2022-01-05 12:00:00,-43.13361,-73.63278,5.8,430001.0,Quellón Ad.
2022-01-06 12:00:00,-43.13361,-73.63278,10.7,430001.0,Quellón Ad.
2022-01-07 12:00:00,-43.13361,-73.63278,9.1,430001.0,Quellón Ad.
2022-01-08 12:00:00,-43.13361,-73.63278,14.2,430001.0,Quellón Ad.
2022-01-09 12:00:00,-43.13361,-73.63278,6.9,430001.0,Quellón Ad.
2022-01-10 12:00:00,-43.13361,-73.63278,11.8,430001.0,Quellón Ad.
2022-01-11 12:00:00,-43.13361,-73.63278,9.1,430001.0,Quellón Ad.
2022-01-12 12:00:00,-43.13361,-73.63278,5.5,430001.0,Quellón Ad.
2022-01-13 12:00:00,-43.13361,-73.63278,8.8,430001.0,Quellón Ad.
2022-01-14 12:00:00,-43.13361,-73.63278,12.6,430001.0,Quellón Ad.
2022-01-15 12:00:00,-43.13361,-73.63278,8.5,430001.0,Quellón Ad.
2022-01-16 12:00:00,-43.13361,-73.63278,2.9,430001.0,Quellón Ad.
2022-01-17 12:00:00,-43.13361,-73.63278,0.1,430001.0,Quellón Ad.
2022-01-01 12:00:00,-43.18889,-71.85222,9.8,430002.0,Futaleufú Ad.
2022-01-02 12:00:00,-43.18889,-71.85222,7.8,430002.0,Futaleufú Ad.
2022-01-03 12:00:00,-43.18889,-71.85222,8.9,430002.0,Futaleufú Ad.
2022-01-04 12:00:00,-43.18889,-71.85222,9.7,430002.0,Futaleufú Ad.
2022-01-05 12:00:00,-43.18889,-71.85222,4.8,430002.0,Futaleufú Ad.
2022-01-06 12:00:00,-43.18889,-71.85222,9.7,430002.0,Futaleufú Ad.
2022-01-07 12:00:00,-43.18889,-71.85222,12.2,430002.0,Futaleufú Ad.
2022-01-08 12:00:00,-43.18889,-71.85222,13.6,430002.0,Futaleufú Ad.
2022-01-09 12:00:00,-43.18889,-71.85222,16.1,430002.0,Futaleufú Ad.
2022-01-10 12:00:00,-43.18889,-71.85222,14.0,430002.0,Futaleufú Ad.
2022-01-11 12:00:00,-43.18889,-71.85222,14.6,430002.0,Futaleufú Ad.
2022-01-12 12:00:00,-43.18889,-71.85222,9.1,430002.0,Futaleufú Ad.
2022-01-13 12:00:00,-43.18889,-71.85222,9.1,430002.0,Futaleufú Ad.
2022-01-14 12:00:00,-43.18889,-71.85222,15.1,430002.0,Futaleufú Ad.
2022-01-15 12:00:00,-43.18889,-71.85222,8.7,430002.0,Futaleufú Ad.
2022-01-16 12:00:00,-43.18889,-71.85222,5.5,430002.0,Futaleufú Ad.
2022-01-17 12:00:00,-43.18889,-71.85222,0.7,430002.0,Futaleufú Ad.
2022-01-01 12:00:00,-43.89778,-73.73944,11.3,430009.0,Melinka Ad.
2022-01-02 12:00:00,-43.89778,-73.73944,8.1,430009.0,Melinka Ad.
2022-01-03 12:00:00,-43.89778,-73.73944,11.1,430009.0,Melinka Ad.
2022-01-04 12:00:00,-43.89778,-73.73944,9.6,430009.0,Melinka Ad.
2022-01-05 12:00:00,-43.89778,-73.73944,8.4,430009.0,Melinka Ad.
2022-01-06 12:00:00,-43.89778,-73.73944,10.4,430009.0,Melinka Ad.
2022-01-07 12:00:00,-43.89778,-73.73944,11.2,430009.0,Melinka Ad.
2022-01-08 12:00:00,-43.89778,-73.73944,13.7,430009.0,Melinka Ad.
2022-01-09 12:00:00,-43.89778,-73.73944,10.0,430009.0,Melinka Ad.
2022-01-10 12:00:00,-43.89778,-73.73944,12.9,430009.0,Melinka Ad.
2022-01-11 12:00:00,-43.89778,-73.73944,12.4,430009.0,Melinka Ad.
2022-01-12 12:00:00,-43.89778,-73.73944,12.2,430009.0,Melinka Ad.
2022-01-13 12:00:00,-43.89778,-73.73944,11.3,430009.0,Melinka Ad.
2022-01-14 12:00:00,-43.89778,-73.73944,12.3,430009.0,Melinka Ad.
2022-01-15 12:00:00,-43.89778,-73.73944,10.3,430009.0,Melinka Ad.
2022-01-16 12:00:00,-43.89778,-73.73944,6.1,430009.0,Melinka Ad.
2022-01-17 12:00:00,-43.89778,-73.73944,6.8,430009.0,Melinka Ad.
2022-01-03 12:00:00,-45.39944,-72.67722,8.0,450001.0,Puerto Aysén Ad.
2022-01-04 12:00:00,-45.39944,-72.67722,8.2,450001.0,Puerto Aysén Ad.
2022-01-05 12:00:00,-45.39944,-72.67722,10.2,450001.0,Puerto Aysén Ad.
2022-01-06 12:00:00,-45.39944,-72.67722,8.6,450001.0,Puerto Aysén Ad.
2022-01-07 12:00:00,-45.39944,-72.67722,15.8,450001.0,Puerto Aysén Ad.
2022-01-11 12:00:00,-45.39944,-72.67722,13.1,450001.0,Puerto Aysén Ad.
2022-01-12 12:00:00,-45.39944,-72.67722,14.6,450001.0,Puerto Aysén Ad.
2022-01-13 12:00:00,-45.39944,-72.67722,12.3,450001.0,Puerto Aysén Ad.
2022-01-17 12:00:00,-45.39944,-72.67722,6.8,450001.0,Puerto Aysén Ad.
2022-01-01 12:00:00,-45.59083,-72.10222,8.3,450004.0,"Teniente Vidal, Coyhaique Ad."
2022-01-02 12:00:00,-45.59083,-72.10222,3.4,450004.0,"Teniente Vidal, Coyhaique Ad."
2022-01-03 12:00:00,-45.59083,-72.10222,6.5,450004.0,"Teniente Vidal, Coyhaique Ad."
2022-01-04 12:00:00,-45.59083,-72.10222,7.6,450004.0,"Teniente Vidal, Coyhaique Ad."
2022-01-05 12:00:00,-45.59083,-72.10222,6.8,450004.0,"Teniente Vidal, Coyhaique Ad."
2022-01-06 12:00:00,-45.59083,-72.10222,9.6,450004.0,"Teniente Vidal, Coyhaique Ad."
2022-01-07 12:00:00,-45.59083,-72.10222,14.1,450004.0,"Teniente Vidal, Coyhaique Ad."
2022-01-08 12:00:00,-45.59083,-72.10222,16.4,450004.0,"Teniente Vidal, Coyhaique Ad."
2022-01-09 12:00:00,-45.59083,-72.10222,9.7,450004.0,"Teniente Vidal, Coyhaique Ad."
2022-01-10 12:00:00,-45.59083,-72.10222,13.3,450004.0,"Teniente Vidal, Coyhaique Ad."
2022-01-11 12:00:00,-45.59083,-72.10222,10.7,450004.0,"Teniente Vidal, Coyhaique Ad."
2022-01-12 12:00:00,-45.59083,-72.10222,13.2,450004.0,"Teniente Vidal, Coyhaique Ad."
2022-01-13 12:00:00,-45.59083,-72.10222,8.0,450004.0,"Teniente Vidal, Coyhaique Ad."
2022-01-14 12:00:00,-45.59083,-72.10222,12.0,450004.0,"Teniente Vidal, Coyhaique Ad."
2022-01-15 12:00:00,-45.59083,-72.10222,9.1,450004.0,"Teniente Vidal, Coyhaique Ad."
2022-01-16 12:00:00,-45.59083,-72.10222,2.2,450004.0,"Teniente Vidal, Coyhaique Ad."
2022-01-17 12:00:00,-45.59083,-72.10222,1.5,450004.0,"Teniente Vidal, Coyhaique Ad."
2022-01-01 12:00:00,-45.91833,-71.67778,6.8,450005.0,Balmaceda Ad.
2022-01-02 12:00:00,-45.91833,-71.67778,3.3,450005.0,Balmaceda Ad.
2022-01-03 12:00:00,-45.91833,-71.67778,5.9,450005.0,Balmaceda Ad.
2022-01-04 12:00:00,-45.91833,-71.67778,6.1,450005.0,Balmaceda Ad.
2022-01-05 12:00:00,-45.91833,-71.67778,7.8,450005.0,Balmaceda Ad.
2022-01-06 12:00:00,-45.91833,-71.67778,7.4,450005.0,Balmaceda Ad.
2022-01-07 12:00:00,-45.91833,-71.67778,11.0,450005.0,Balmaceda Ad.
2022-01-08 12:00:00,-45.91833,-71.67778,13.7,450005.0,Balmaceda Ad.
2022-01-09 12:00:00,-45.91833,-71.67778,5.1,450005.0,Balmaceda Ad.
2022-01-10 12:00:00,-45.91833,-71.67778,12.1,450005.0,Balmaceda Ad.
2022-01-11 12:00:00,-45.91833,-71.67778,10.1,450005.0,Balmaceda Ad.
2022-01-12 12:00:00,-45.91833,-71.67778,12.6,450005.0,Balmaceda Ad.
2022-01-13 12:00:00,-45.91833,-71.67778,5.3,450005.0,Balmaceda Ad.
2022-01-14 12:00:00,-45.91833,-71.67778,10.7,450005.0,Balmaceda Ad.
2022-01-15 12:00:00,-45.91833,-71.67778,6.8,450005.0,Balmaceda Ad.
2022-01-16 12:00:00,-45.91833,-71.67778,2.2,450005.0,Balmaceda Ad.
2022-01-17 12:00:00,-45.91833,-71.67778,-5.9,450005.0,Balmaceda Ad.
2022-01-01 12:00:00,-51.66722,-72.52889,5.1,510005.0,"Teniente Gallardo, Puerto Natales Ad."
2022-01-02 12:00:00,-51.66722,-72.52889,1.8,510005.0,"Teniente Gallardo, Puerto Natales Ad."
2022-01-03 12:00:00,-51.66722,-72.52889,0.0,510005.0,"Teniente Gallardo, Puerto Natales Ad."
2022-01-04 12:00:00,-51.66722,-72.52889,4.5,510005.0,"Teniente Gallardo, Puerto Natales Ad."
2022-01-05 12:00:00,-51.66722,-72.52889,9.5,510005.0,"Teniente Gallardo, Puerto Natales Ad."
2022-01-06 12:00:00,-51.66722,-72.52889,9.5,510005.0,"Teniente Gallardo, Puerto Natales Ad."
2022-01-07 12:00:00,-51.66722,-72.52889,6.1,510005.0,"Teniente Gallardo, Puerto Natales Ad."
2022-01-08 12:00:00,-51.66722,-72.52889,5.1,510005.0,"Teniente Gallardo, Puerto Natales Ad."
2022-01-09 12:00:00,-51.66722,-72.52889,3.2,510005.0,"Teniente Gallardo, Puerto Natales Ad."
2022-01-10 12:00:00,-51.66722,-72.52889,10.4,510005.0,"Teniente Gallardo, Puerto Natales Ad."
2022-01-11 12:00:00,-51.66722,-72.52889,5.3,510005.0,"Teniente Gallardo, Puerto Natales Ad."
2022-01-12 12:00:00,-51.66722,-72.52889,11.2,510005.0,"Teniente Gallardo, Puerto Natales Ad."
2022-01-13 12:00:00,-51.66722,-72.52889,6.5,510005.0,"Teniente Gallardo, Puerto Natales Ad."
2022-01-14 12:00:00,-51.66722,-72.52889,1.0,510005.0,"Teniente Gallardo, Puerto Natales Ad."
2022-01-15 12:00:00,-51.66722,-72.52889,6.2,510005.0,"Teniente Gallardo, Puerto Natales Ad."
2022-01-16 12:00:00,-51.66722,-72.52889,4.6,510005.0,"Teniente Gallardo, Puerto Natales Ad."
2022-01-17 12:00:00,-51.66722,-72.52889,1.8,510005.0,"Teniente Gallardo, Puerto Natales Ad."
2022-01-01 12:00:00,-53.00167,-70.83861,5.6,520006.0,"Carlos Ibañez, Punta Arenas Ap."
2022-01-02 12:00:00,-53.00167,-70.83861,4.6,520006.0,"Carlos Ibañez, Punta Arenas Ap."
2022-01-03 12:00:00,-53.00167,-70.83861,1.9,520006.0,"Carlos Ibañez, Punta Arenas Ap."
2022-01-04 12:00:00,-53.00167,-70.83861,4.8,520006.0,"Carlos Ibañez, Punta Arenas Ap."
2022-01-05 12:00:00,-53.00167,-70.83861,7.5,520006.0,"Carlos Ibañez, Punta Arenas Ap."
2022-01-06 12:00:00,-53.00167,-70.83861,9.9,520006.0,"Carlos Ibañez, Punta Arenas Ap."
2022-01-07 12:00:00,-53.00167,-70.83861,6.6,520006.0,"Carlos Ibañez, Punta Arenas Ap."
2022-01-08 12:00:00,-53.00167,-70.83861,7.9,520006.0,"Carlos Ibañez, Punta Arenas Ap."
2022-01-09 12:00:00,-53.00167,-70.83861,4.4,520006.0,"Carlos Ibañez, Punta Arenas Ap."
2022-01-10 12:00:00,-53.00167,-70.83861,8.0,520006.0,"Carlos Ibañez, Punta Arenas Ap."
2022-01-11 12:00:00,-53.00167,-70.83861,3.7,520006.0,"Carlos Ibañez, Punta Arenas Ap."
2022-01-12 12:00:00,-53.00167,-70.83861,7.6,520006.0,"Carlos Ibañez, Punta Arenas Ap."
2022-01-13 12:00:00,-53.00167,-70.83861,4.3,520006.0,"Carlos Ibañez, Punta Arenas Ap."
2022-01-14 12:00:00,-53.00167,-70.83861,2.7,520006.0,"Carlos Ibañez, Punta Arenas Ap."
2022-01-15 12:00:00,-53.00167,-70.83861,7.9,520006.0,"Carlos Ibañez, Punta Arenas Ap."
2022-01-16 12:00:00,-53.00167,-70.83861,5.1,520006.0,"Carlos Ibañez, Punta Arenas Ap."
2022-01-17 12:00:00,-53.00167,-70.83861,3.8,520006.0,"Carlos Ibañez, Punta Arenas Ap."
2022-01-01 12:00:00,-53.25361,-70.32611,6.0,530005.0,"Fuentes Martínez, Porvenir Ad."
2022-01-02 12:00:00,-53.25361,-70.32611,4.9,530005.0,"Fuentes Martínez, Porvenir Ad."
2022-01-03 12:00:00,-53.25361,-70.32611,1.2,530005.0,"Fuentes Martínez, Porvenir Ad."
2022-01-04 12:00:00,-53.25361,-70.32611,4.3,530005.0,"Fuentes Martínez, Porvenir Ad."
2022-01-05 12:00:00,-53.25361,-70.32611,7.9,530005.0,"Fuentes Martínez, Porvenir Ad."
2022-01-06 12:00:00,-53.25361,-70.32611,8.8,530005.0,"Fuentes Martínez, Porvenir Ad."
2022-01-07 12:00:00,-53.25361,-70.32611,6.0,530005.0,"Fuentes Martínez, Porvenir Ad."
2022-01-08 12:00:00,-53.25361,-70.32611,8.7,530005.0,"Fuentes Martínez, Porvenir Ad."
2022-01-09 12:00:00,-53.25361,-70.32611,6.3,530005.0,"Fuentes Martínez, Porvenir Ad."
2022-01-10 12:00:00,-53.25361,-70.32611,8.5,530005.0,"Fuentes Martínez, Porvenir Ad."
2022-01-11 12:00:00,-53.25361,-70.32611,5.0,530005.0,"Fuentes Martínez, Porvenir Ad."
2022-01-12 12:00:00,-53.25361,-70.32611,8.2,530005.0,"Fuentes Martínez, Porvenir Ad."
2022-01-13 12:00:00,-53.25361,-70.32611,5.0,530005.0,"Fuentes Martínez, Porvenir Ad."
2022-01-14 12:00:00,-53.25361,-70.32611,4.3,530005.0,"Fuentes Martínez, Porvenir Ad."
2022-01-15 12:00:00,-53.25361,-70.32611,7.6,530005.0,"Fuentes Martínez, Porvenir Ad."
2022-01-16 12:00:00,-53.25361,-70.32611,5.3,530005.0,"Fuentes Martínez, Porvenir Ad."
2022-01-17 12:00:00,-53.25361,-70.32611,3.9,530005.0,"Fuentes Martínez, Porvenir Ad."
2022-01-01 12:00:00,-54.93167,-67.61556,2.7,550001.0,"Guardiamarina Zañartu, Pto Williams Ad."
2022-01-02 12:00:00,-54.93167,-67.61556,4.6,550001.0,"Guardiamarina Zañartu, Pto Williams Ad."
2022-01-03 12:00:00,-54.93167,-67.61556,3.6,550001.0,"Guardiamarina Zañartu, Pto Williams Ad."
2022-01-04 12:00:00,-54.93167,-67.61556,4.4,550001.0,"Guardiamarina Zañartu, Pto Williams Ad."
2022-01-05 12:00:00,-54.93167,-67.61556,2.8,550001.0,"Guardiamarina Zañartu, Pto Williams Ad."
2022-01-06 12:00:00,-54.93167,-67.61556,4.4,550001.0,"Guardiamarina Zañartu, Pto Williams Ad."
2022-01-07 12:00:00,-54.93167,-67.61556,6.2,550001.0,"Guardiamarina Zañartu, Pto Williams Ad."
2022-01-08 12:00:00,-54.93167,-67.61556,6.6,550001.0,"Guardiamarina Zañartu, Pto Williams Ad."
2022-01-09 12:00:00,-54.93167,-67.61556,5.3,550001.0,"Guardiamarina Zañartu, Pto Williams Ad."
2022-01-10 12:00:00,-54.93167,-67.61556,7.0,550001.0,"Guardiamarina Zañartu, Pto Williams Ad."
2022-01-11 12:00:00,-54.93167,-67.61556,3.1,550001.0,"Guardiamarina Zañartu, Pto Williams Ad."
2022-01-12 12:00:00,-54.93167,-67.61556,6.5,550001.0,"Guardiamarina Zañartu, Pto Williams Ad."
2022-01-13 12:00:00,-54.93167,-67.61556,2.4,550001.0,"Guardiamarina Zañartu, Pto Williams Ad."
2022-01-14 12:00:00,-54.93167,-67.61556,1.8,550001.0,"Guardiamarina Zañartu, Pto Williams Ad."
2022-01-15 12:00:00,-54.93167,-67.61556,1.0,550001.0,"Guardiamarina Zañartu, Pto Williams Ad."
2022-01-16 12:00:00,-54.93167,-67.61556,3.9,550001.0,"Guardiamarina Zañartu, Pto Williams Ad."
2022-01-17 12:00:00,-54.93167,-67.61556,2.3,550001.0,"Guardiamarina Zañartu, Pto Williams Ad."
2022-01-01 12:00:00,-62.19194,-58.97972,-0.7,950001.0,"C.M.A. Eduardo Frei Montalva, Antártica "
2022-01-02 12:00:00,-62.19194,-58.97972,-1.0,950001.0,"C.M.A. Eduardo Frei Montalva, Antártica "
2022-01-03 12:00:00,-62.19194,-58.97972,-0.4,950001.0,"C.M.A. Eduardo Frei Montalva, Antártica "
2022-01-04 12:00:00,-62.19194,-58.97972,-1.0,950001.0,"C.M.A. Eduardo Frei Montalva, Antártica "
2022-01-05 12:00:00,-62.19194,-58.97972,-0.4,950001.0,"C.M.A. Eduardo Frei Montalva, Antártica "
2022-01-06 12:00:00,-62.19194,-58.97972,0.1,950001.0,"C.M.A. Eduardo Frei Montalva, Antártica "
2022-01-07 12:00:00,-62.19194,-58.97972,-0.4,950001.0,"C.M.A. Eduardo Frei Montalva, Antártica "
2022-01-08 12:00:00,-62.19194,-58.97972,0.6,950001.0,"C.M.A. Eduardo Frei Montalva, Antártica "
2022-01-09 12:00:00,-62.19194,-58.97972,-0.1,950001.0,"C.M.A. Eduardo Frei Montalva, Antártica "
2022-01-10 12:00:00,-62.19194,-58.97972,-0.3,950001.0,"C.M.A. Eduardo Frei Montalva, Antártica "
2022-01-11 12:00:00,-62.19194,-58.97972,-0.2,950001.0,"C.M.A. Eduardo Frei Montalva, Antártica "
2022-01-12 12:00:00,-62.19194,-58.97972,-0.5,950001.0,"C.M.A. Eduardo Frei Montalva, Antártica "
2022-01-13 12:00:00,-62.19194,-58.97972,-0.7,950001.0,"C.M.A. Eduardo Frei Montalva, Antártica "
2022-01-14 12:00:00,-62.19194,-58.97972,0.2,950001.0,"C.M.A. Eduardo Frei Montalva, Antártica "
2022-01-15 12:00:00,-62.19194,-58.97972,-0.9,950001.0,"C.M.A. Eduardo Frei Montalva, Antártica "
2022-01-16 12:00:00,-62.19194,-58.97972,-1.2,950001.0,"C.M.A. Eduardo Frei Montalva, Antártica "
2022-01-17 12:00:00,-62.19194,-58.97972,-0.3,950001.0,"C.M.A. Eduardo Frei Montalva, Antártica "
