time,latitud,longitud,TxPM,CodigoNacional,nombreEstacion
2022-01-02 00:00:00,-18.35555,-70.34028,24.0,180005.0,"Chacalluta, Arica Ap."
2022-01-03 00:00:00,-18.35555,-70.34028,24.3,180005.0,"Chacalluta, Arica Ap."
2022-01-04 00:00:00,-18.35555,-70.34028,24.0,180005.0,"Chacalluta, Arica Ap."
2022-01-05 00:00:00,-18.35555,-70.34028,24.7,180005.0,"Chacalluta, Arica Ap."
2022-01-06 00:00:00,-18.35555,-70.34028,24.3,180005.0,"Chacalluta, Arica Ap."
2022-01-07 00:00:00,-18.35555,-70.34028,24.6,180005.0,"Chacalluta, Arica Ap."
2022-01-08 00:00:00,-18.35555,-70.34028,23.9,180005.0,"Chacalluta, Arica Ap."
2022-01-09 00:00:00,-18.35555,-70.34028,24.4,180005.0,"Chacalluta, Arica Ap."
2022-01-10 00:00:00,-18.35555,-70.34028,25.6,180005.0,"Chacalluta, Arica Ap."
2022-01-11 00:00:00,-18.35555,-70.34028,25.7,180005.0,"Chacalluta, Arica Ap."
2022-01-12 00:00:00,-18.35555,-70.34028,25.1,180005.0,"Chacalluta, Arica Ap."
2022-01-13 00:00:00,-18.35555,-70.34028,24.8,180005.0,"Chacalluta, Arica Ap."
2022-01-14 00:00:00,-18.35555,-70.34028,25.1,180005.0,"Chacalluta, Arica Ap."
2022-01-15 00:00:00,-18.35555,-70.34028,25.2,180005.0,"Chacalluta, Arica Ap."
2022-01-16 00:00:00,-18.35555,-70.34028,25.5,180005.0,"Chacalluta, Arica Ap."
2022-01-17 00:00:00,-18.35555,-70.34028,25.4,180005.0,"Chacalluta, Arica Ap."
2022-01-18 00:00:00,-18.35555,-70.34028,25.0,180005.0,"Chacalluta, Arica Ap."
2022-01-02 00:00:00,-18.2,-69.5625,,180017.0,Putre
2022-01-03 00:00:00,-18.2,-69.5625,,180017.0,Putre
2022-01-04 00:00:00,-18.2,-69.5625,,180017.0,Putre
2022-01-05 00:00:00,-18.2,-69.5625,,180017.0,Putre
2022-01-06 00:00:00,-18.2,-69.5625,,180017.0,Putre
2022-01-07 00:00:00,-18.2,-69.5625,,180017.0,Putre
2022-01-08 00:00:00,-18.2,-69.5625,,180017.0,Putre
2022-01-09 00:00:00,-18.2,-69.5625,,180017.0,Putre
2022-01-10 00:00:00,-18.2,-69.5625,,180017.0,Putre
2022-01-11 00:00:00,-18.2,-69.5625,,180017.0,Putre
2022-01-12 00:00:00,-18.2,-69.5625,,180017.0,Putre
2022-01-13 00:00:00,-18.2,-69.5625,,180017.0,Putre
2022-01-14 00:00:00,-18.2,-69.5625,,180017.0,Putre
2022-01-15 00:00:00,-18.2,-69.5625,,180017.0,Putre
2022-01-16 00:00:00,-18.2,-69.5625,,180017.0,Putre
2022-01-17 00:00:00,-18.2,-69.5625,,180017.0,Putre
2022-01-18 00:00:00,-18.2,-69.5625,,180017.0,Putre
2022-01-02 00:00:00,-20.54917,-70.18111,24.4,200006.0,Diego Aracena Iquique Ap.
2022-01-03 00:00:00,-20.54917,-70.18111,23.9,200006.0,Diego Aracena Iquique Ap.
2022-01-04 00:00:00,-20.54917,-70.18111,25.2,200006.0,Diego Aracena Iquique Ap.
2022-01-05 00:00:00,-20.54917,-70.18111,24.4,200006.0,Diego Aracena Iquique Ap.
2022-01-06 00:00:00,-20.54917,-70.18111,25.1,200006.0,Diego Aracena Iquique Ap.
2022-01-07 00:00:00,-20.54917,-70.18111,24.9,200006.0,Diego Aracena Iquique Ap.
2022-01-08 00:00:00,-20.54917,-70.18111,24.1,200006.0,Diego Aracena Iquique Ap.
2022-01-09 00:00:00,-20.54917,-70.18111,24.6,200006.0,Diego Aracena Iquique Ap.
2022-01-10 00:00:00,-20.54917,-70.18111,25.9,200006.0,Diego Aracena Iquique Ap.
2022-01-11 00:00:00,-20.54917,-70.18111,26.3,200006.0,Diego Aracena Iquique Ap.
2022-01-12 00:00:00,-20.54917,-70.18111,25.5,200006.0,Diego Aracena Iquique Ap.
2022-01-13 00:00:00,-20.54917,-70.18111,25.2,200006.0,Diego Aracena Iquique Ap.
2022-01-14 00:00:00,-20.54917,-70.18111,24.3,200006.0,Diego Aracena Iquique Ap.
2022-01-15 00:00:00,-20.54917,-70.18111,24.4,200006.0,Diego Aracena Iquique Ap.
2022-01-16 00:00:00,-20.54917,-70.18111,26.1,200006.0,Diego Aracena Iquique Ap.
2022-01-17 00:00:00,-20.54917,-70.18111,26.1,200006.0,Diego Aracena Iquique Ap.
2022-01-18 00:00:00,-20.54917,-70.18111,24.3,200006.0,Diego Aracena Iquique Ap.
2022-01-02 00:00:00,-22.49806,-68.8925,26.7,220002.0,"El Loa, Calama Ad."
2022-01-03 00:00:00,-22.49806,-68.8925,26.3,220002.0,"El Loa, Calama Ad."
2022-01-04 00:00:00,-22.49806,-68.8925,26.3,220002.0,"El Loa, Calama Ad."
2022-01-05 00:00:00,-22.49806,-68.8925,25.7,220002.0,"El Loa, Calama Ad."
2022-01-06 00:00:00,-22.49806,-68.8925,24.8,220002.0,"El Loa, Calama Ad."
2022-01-07 00:00:00,-22.49806,-68.8925,25.9,220002.0,"El Loa, Calama Ad."
2022-01-08 00:00:00,-22.49806,-68.8925,26.4,220002.0,"El Loa, Calama Ad."
2022-01-09 00:00:00,-22.49806,-68.8925,25.6,220002.0,"El Loa, Calama Ad."
2022-01-10 00:00:00,-22.49806,-68.8925,22.8,220002.0,"El Loa, Calama Ad."
2022-01-11 00:00:00,-22.49806,-68.8925,23.6,220002.0,"El Loa, Calama Ad."
2022-01-12 00:00:00,-22.49806,-68.8925,24.4,220002.0,"El Loa, Calama Ad."
2022-01-13 00:00:00,-22.49806,-68.8925,24.9,220002.0,"El Loa, Calama Ad."
2022-01-14 00:00:00,-22.49806,-68.8925,25.5,220002.0,"El Loa, Calama Ad."
2022-01-15 00:00:00,-22.49806,-68.8925,23.7,220002.0,"El Loa, Calama Ad."
2022-01-16 00:00:00,-22.49806,-68.8925,23.3,220002.0,"El Loa, Calama Ad."
2022-01-17 00:00:00,-22.49806,-68.8925,22.3,220002.0,"El Loa, Calama Ad."
2022-01-18 00:00:00,-22.49806,-68.8925,23.8,220002.0,"El Loa, Calama Ad."
2022-01-01 03:00:00,-27.15889,-109.4325,25.3,270001.0,Mataveri  Isla de Pascua Ap.
2022-01-02 03:00:00,-27.15889,-109.4325,25.9,270001.0,Mataveri  Isla de Pascua Ap.
2022-01-03 03:00:00,-27.15889,-109.4325,25.0,270001.0,Mataveri  Isla de Pascua Ap.
2022-01-04 03:00:00,-27.15889,-109.4325,27.2,270001.0,Mataveri  Isla de Pascua Ap.
2022-01-05 03:00:00,-27.15889,-109.4325,26.5,270001.0,Mataveri  Isla de Pascua Ap.
2022-01-06 03:00:00,-27.15889,-109.4325,26.3,270001.0,Mataveri  Isla de Pascua Ap.
2022-01-07 03:00:00,-27.15889,-109.4325,27.3,270001.0,Mataveri  Isla de Pascua Ap.
2022-01-08 03:00:00,-27.15889,-109.4325,26.7,270001.0,Mataveri  Isla de Pascua Ap.
2022-01-09 03:00:00,-27.15889,-109.4325,26.5,270001.0,Mataveri  Isla de Pascua Ap.
2022-01-10 03:00:00,-27.15889,-109.4325,26.8,270001.0,Mataveri  Isla de Pascua Ap.
2022-01-11 03:00:00,-27.15889,-109.4325,25.8,270001.0,Mataveri  Isla de Pascua Ap.
2022-01-12 03:00:00,-27.15889,-109.4325,25.4,270001.0,Mataveri  Isla de Pascua Ap.
2022-01-13 03:00:00,-27.15889,-109.4325,25.9,270001.0,Mataveri  Isla de Pascua Ap.
2022-01-14 03:00:00,-27.15889,-109.4325,25.8,270001.0,Mataveri  Isla de Pascua Ap.
2022-01-15 03:00:00,-27.15889,-109.4325,25.2,270001.0,Mataveri  Isla de Pascua Ap.
2022-01-16 03:00:00,-27.15889,-109.4325,24.7,270001.0,Mataveri  Isla de Pascua Ap.
2022-01-17 03:00:00,-27.15889,-109.4325,26.5,270001.0,Mataveri  Isla de Pascua Ap.
2022-01-18 03:00:00,-27.15889,-109.4325,26.4,270001.0,Mataveri  Isla de Pascua Ap.
2022-01-02 00:00:00,-27.25444,-70.78111,,270008.0,"Desierto de Atacama, Caldera  Ad."
2022-01-03 00:00:00,-27.25444,-70.78111,,270008.0,"Desierto de Atacama, Caldera  Ad."
2022-01-06 00:00:00,-27.25444,-70.78111,,270008.0,"Desierto de Atacama, Caldera  Ad."
2022-01-15 00:00:00,-27.25444,-70.78111,,270008.0,"Desierto de Atacama, Caldera  Ad."
2022-01-02 00:00:00,-27.35889,-70.35333,29.0,270009.0,Copiapó Universidad de Atacama
2022-01-03 00:00:00,-27.35889,-70.35333,28.1,270009.0,Copiapó Universidad de Atacama
2022-01-04 00:00:00,-27.35889,-70.35333,28.6,270009.0,Copiapó Universidad de Atacama
2022-01-05 00:00:00,-27.35889,-70.35333,28.3,270009.0,Copiapó Universidad de Atacama
2022-01-06 00:00:00,-27.35889,-70.35333,27.2,270009.0,Copiapó Universidad de Atacama
2022-01-07 00:00:00,-27.35889,-70.35333,28.1,270009.0,Copiapó Universidad de Atacama
2022-01-08 00:00:00,-27.35889,-70.35333,29.2,270009.0,Copiapó Universidad de Atacama
2022-01-09 00:00:00,-27.35889,-70.35333,28.1,270009.0,Copiapó Universidad de Atacama
2022-01-10 00:00:00,-27.35889,-70.35333,27.2,270009.0,Copiapó Universidad de Atacama
2022-01-11 00:00:00,-27.35889,-70.35333,29.5,270009.0,Copiapó Universidad de Atacama
2022-01-12 00:00:00,-27.35889,-70.35333,29.2,270009.0,Copiapó Universidad de Atacama
2022-01-13 00:00:00,-27.35889,-70.35333,27.6,270009.0,Copiapó Universidad de Atacama
2022-01-14 00:00:00,-27.35889,-70.35333,26.4,270009.0,Copiapó Universidad de Atacama
2022-01-15 00:00:00,-27.35889,-70.35333,24.6,270009.0,Copiapó Universidad de Atacama
2022-01-16 00:00:00,-27.35889,-70.35333,26.0,270009.0,Copiapó Universidad de Atacama
2022-01-17 00:00:00,-27.35889,-70.35333,26.8,270009.0,Copiapó Universidad de Atacama
2022-01-18 00:00:00,-27.35889,-70.35333,29.6,270009.0,Copiapó Universidad de Atacama
2022-01-02 00:00:00,-29.91444,-71.20667,21.0,290004.0,"La Florida, La Serena Ad."
2022-01-03 00:00:00,-29.91444,-71.20667,20.3,290004.0,"La Florida, La Serena Ad."
2022-01-04 00:00:00,-29.91444,-71.20667,20.1,290004.0,"La Florida, La Serena Ad."
2022-01-05 00:00:00,-29.91444,-71.20667,21.1,290004.0,"La Florida, La Serena Ad."
2022-01-06 00:00:00,-29.91444,-71.20667,18.6,290004.0,"La Florida, La Serena Ad."
2022-01-07 00:00:00,-29.91444,-71.20667,20.4,290004.0,"La Florida, La Serena Ad."
2022-01-08 00:00:00,-29.91444,-71.20667,19.7,290004.0,"La Florida, La Serena Ad."
2022-01-09 00:00:00,-29.91444,-71.20667,20.9,290004.0,"La Florida, La Serena Ad."
2022-01-10 00:00:00,-29.91444,-71.20667,21.9,290004.0,"La Florida, La Serena Ad."
2022-01-11 00:00:00,-29.91444,-71.20667,22.3,290004.0,"La Florida, La Serena Ad."
2022-01-12 00:00:00,-29.91444,-71.20667,22.4,290004.0,"La Florida, La Serena Ad."
2022-01-13 00:00:00,-29.91444,-71.20667,22.0,290004.0,"La Florida, La Serena Ad."
2022-01-14 00:00:00,-29.91444,-71.20667,22.1,290004.0,"La Florida, La Serena Ad."
2022-01-15 00:00:00,-29.91444,-71.20667,21.7,290004.0,"La Florida, La Serena Ad."
2022-01-16 00:00:00,-29.91444,-71.20667,20.8,290004.0,"La Florida, La Serena Ad."
2022-01-17 00:00:00,-29.91444,-71.20667,21.6,290004.0,"La Florida, La Serena Ad."
2022-01-18 00:00:00,-29.91444,-71.20667,22.3,290004.0,"La Florida, La Serena Ad."
2022-01-02 00:00:00,-30.03361,-70.69722,30.7,300046.0,"Vicuña, Parque Los Pimientos"
2022-01-03 00:00:00,-30.03361,-70.69722,31.2,300046.0,"Vicuña, Parque Los Pimientos"
2022-01-04 00:00:00,-30.03361,-70.69722,31.0,300046.0,"Vicuña, Parque Los Pimientos"
2022-01-05 00:00:00,-30.03361,-70.69722,33.4,300046.0,"Vicuña, Parque Los Pimientos"
2022-01-06 00:00:00,-30.03361,-70.69722,29.9,300046.0,"Vicuña, Parque Los Pimientos"
2022-01-07 00:00:00,-30.03361,-70.69722,31.7,300046.0,"Vicuña, Parque Los Pimientos"
2022-01-08 00:00:00,-30.03361,-70.69722,32.1,300046.0,"Vicuña, Parque Los Pimientos"
2022-01-09 00:00:00,-30.03361,-70.69722,29.2,300046.0,"Vicuña, Parque Los Pimientos"
2022-01-10 00:00:00,-30.03361,-70.69722,28.2,300046.0,"Vicuña, Parque Los Pimientos"
2022-01-11 00:00:00,-30.03361,-70.69722,29.7,300046.0,"Vicuña, Parque Los Pimientos"
2022-01-12 00:00:00,-30.03361,-70.69722,31.2,300046.0,"Vicuña, Parque Los Pimientos"
2022-01-13 00:00:00,-30.03361,-70.69722,31.6,300046.0,"Vicuña, Parque Los Pimientos"
2022-01-14 00:00:00,-30.03361,-70.69722,29.8,300046.0,"Vicuña, Parque Los Pimientos"
2022-01-15 00:00:00,-30.03361,-70.69722,29.8,300046.0,"Vicuña, Parque Los Pimientos"
2022-01-16 00:00:00,-30.03361,-70.69722,27.5,300046.0,"Vicuña, Parque Los Pimientos"
2022-01-17 00:00:00,-30.03361,-70.69722,26.2,300046.0,"Vicuña, Parque Los Pimientos"
2022-01-18 00:00:00,-30.03361,-70.69722,29.7,300046.0,"Vicuña, Parque Los Pimientos"
2022-01-02 00:00:00,-31.18805,-70.99889,30.5,310024.0,Liceo Samuel Román Rojas (Combarbalá)
2022-01-03 00:00:00,-31.18805,-70.99889,30.9,310024.0,Liceo Samuel Román Rojas (Combarbalá)
2022-01-04 00:00:00,-31.18805,-70.99889,31.4,310024.0,Liceo Samuel Román Rojas (Combarbalá)
2022-01-05 00:00:00,-31.18805,-70.99889,32.5,310024.0,Liceo Samuel Román Rojas (Combarbalá)
2022-01-06 00:00:00,-31.18805,-70.99889,31.5,310024.0,Liceo Samuel Román Rojas (Combarbalá)
2022-01-07 00:00:00,-31.18805,-70.99889,31.2,310024.0,Liceo Samuel Román Rojas (Combarbalá)
2022-01-08 00:00:00,-31.18805,-70.99889,32.7,310024.0,Liceo Samuel Román Rojas (Combarbalá)
2022-01-09 00:00:00,-31.18805,-70.99889,28.2,310024.0,Liceo Samuel Román Rojas (Combarbalá)
2022-01-10 00:00:00,-31.18805,-70.99889,28.2,310024.0,Liceo Samuel Román Rojas (Combarbalá)
2022-01-11 00:00:00,-31.18805,-70.99889,29.6,310024.0,Liceo Samuel Román Rojas (Combarbalá)
2022-01-12 00:00:00,-31.18805,-70.99889,31.5,310024.0,Liceo Samuel Román Rojas (Combarbalá)
2022-01-13 00:00:00,-31.18805,-70.99889,30.9,310024.0,Liceo Samuel Román Rojas (Combarbalá)
2022-01-14 00:00:00,-31.18805,-70.99889,31.0,310024.0,Liceo Samuel Román Rojas (Combarbalá)
2022-01-15 00:00:00,-31.18805,-70.99889,30.5,310024.0,Liceo Samuel Román Rojas (Combarbalá)
2022-01-16 00:00:00,-31.18805,-70.99889,28.2,310024.0,Liceo Samuel Román Rojas (Combarbalá)
2022-01-17 00:00:00,-31.18805,-70.99889,24.3,310024.0,Liceo Samuel Román Rojas (Combarbalá)
2022-01-18 00:00:00,-31.18805,-70.99889,27.4,310024.0,Liceo Samuel Román Rojas (Combarbalá)
2022-01-02 00:00:00,-32.75528,-70.70694,31.6,320019.0,San Felipe Escuela Agrícola
2022-01-03 00:00:00,-32.75528,-70.70694,32.9,320019.0,San Felipe Escuela Agrícola
2022-01-04 00:00:00,-32.75528,-70.70694,33.6,320019.0,San Felipe Escuela Agrícola
2022-01-05 00:00:00,-32.75528,-70.70694,33.8,320019.0,San Felipe Escuela Agrícola
2022-01-06 00:00:00,-32.75528,-70.70694,33.4,320019.0,San Felipe Escuela Agrícola
2022-01-07 00:00:00,-32.75528,-70.70694,32.6,320019.0,San Felipe Escuela Agrícola
2022-01-08 00:00:00,-32.75528,-70.70694,34.5,320019.0,San Felipe Escuela Agrícola
2022-01-09 00:00:00,-32.75528,-70.70694,31.8,320019.0,San Felipe Escuela Agrícola
2022-01-10 00:00:00,-32.75528,-70.70694,31.2,320019.0,San Felipe Escuela Agrícola
2022-01-11 00:00:00,-32.75528,-70.70694,32.6,320019.0,San Felipe Escuela Agrícola
2022-01-12 00:00:00,-32.75528,-70.70694,33.0,320019.0,San Felipe Escuela Agrícola
2022-01-13 00:00:00,-32.75528,-70.70694,33.6,320019.0,San Felipe Escuela Agrícola
2022-01-14 00:00:00,-32.75528,-70.70694,32.2,320019.0,San Felipe Escuela Agrícola
2022-01-15 00:00:00,-32.75528,-70.70694,33.8,320019.0,San Felipe Escuela Agrícola
2022-01-16 00:00:00,-32.75528,-70.70694,31.1,320019.0,San Felipe Escuela Agrícola
2022-01-17 00:00:00,-32.75528,-70.70694,27.8,320019.0,San Felipe Escuela Agrícola
2022-01-18 00:00:00,-32.75528,-70.70694,26.1,320019.0,San Felipe Escuela Agrícola
2022-01-02 00:00:00,-32.94944,-71.47611,26.5,320041.0,Viña del Mar  Ad. (Torquemada)
2022-01-03 00:00:00,-32.94944,-71.47611,25.7,320041.0,Viña del Mar  Ad. (Torquemada)
2022-01-04 00:00:00,-32.94944,-71.47611,27.5,320041.0,Viña del Mar  Ad. (Torquemada)
2022-01-05 00:00:00,-32.94944,-71.47611,28.7,320041.0,Viña del Mar  Ad. (Torquemada)
2022-01-06 00:00:00,-32.94944,-71.47611,21.4,320041.0,Viña del Mar  Ad. (Torquemada)
2022-01-07 00:00:00,-32.94944,-71.47611,20.9,320041.0,Viña del Mar  Ad. (Torquemada)
2022-01-08 00:00:00,-32.94944,-71.47611,20.5,320041.0,Viña del Mar  Ad. (Torquemada)
2022-01-09 00:00:00,-32.94944,-71.47611,20.0,320041.0,Viña del Mar  Ad. (Torquemada)
2022-01-10 00:00:00,-32.94944,-71.47611,22.2,320041.0,Viña del Mar  Ad. (Torquemada)
2022-01-11 00:00:00,-32.94944,-71.47611,23.9,320041.0,Viña del Mar  Ad. (Torquemada)
2022-01-12 00:00:00,-32.94944,-71.47611,22.8,320041.0,Viña del Mar  Ad. (Torquemada)
2022-01-13 00:00:00,-32.94944,-71.47611,21.7,320041.0,Viña del Mar  Ad. (Torquemada)
2022-01-14 00:00:00,-32.94944,-71.47611,24.2,320041.0,Viña del Mar  Ad. (Torquemada)
2022-01-15 00:00:00,-32.94944,-71.47611,28.8,320041.0,Viña del Mar  Ad. (Torquemada)
2022-01-16 00:00:00,-32.94944,-71.47611,23.2,320041.0,Viña del Mar  Ad. (Torquemada)
2022-01-17 00:00:00,-32.94944,-71.47611,19.8,320041.0,Viña del Mar  Ad. (Torquemada)
2022-01-18 00:00:00,-32.94944,-71.47611,24.4,320041.0,Viña del Mar  Ad. (Torquemada)
2022-01-06 00:00:00,-32.84555,-70.11917,16.8,320051.0,Los Libertadores
2022-01-02 00:00:00,-33.06528,-71.55639,26.2,330007.0,"Rodelillo, Ad."
2022-01-03 00:00:00,-33.06528,-71.55639,27.7,330007.0,"Rodelillo, Ad."
2022-01-04 00:00:00,-33.06528,-71.55639,29.7,330007.0,"Rodelillo, Ad."
2022-01-05 00:00:00,-33.06528,-71.55639,28.1,330007.0,"Rodelillo, Ad."
2022-01-06 00:00:00,-33.06528,-71.55639,23.7,330007.0,"Rodelillo, Ad."
2022-01-07 00:00:00,-33.06528,-71.55639,22.9,330007.0,"Rodelillo, Ad."
2022-01-08 00:00:00,-33.06528,-71.55639,20.5,330007.0,"Rodelillo, Ad."
2022-01-09 00:00:00,-33.06528,-71.55639,17.7,330007.0,"Rodelillo, Ad."
2022-01-10 00:00:00,-33.06528,-71.55639,20.1,330007.0,"Rodelillo, Ad."
2022-01-11 00:00:00,-33.06528,-71.55639,24.0,330007.0,"Rodelillo, Ad."
2022-01-12 00:00:00,-33.06528,-71.55639,23.8,330007.0,"Rodelillo, Ad."
2022-01-13 00:00:00,-33.06528,-71.55639,24.1,330007.0,"Rodelillo, Ad."
2022-01-14 00:00:00,-33.06528,-71.55639,24.9,330007.0,"Rodelillo, Ad."
2022-01-15 00:00:00,-33.06528,-71.55639,27.9,330007.0,"Rodelillo, Ad."
2022-01-16 00:00:00,-33.06528,-71.55639,23.3,330007.0,"Rodelillo, Ad."
2022-01-17 00:00:00,-33.06528,-71.55639,18.6,330007.0,"Rodelillo, Ad."
2022-01-18 00:00:00,-33.06528,-71.55639,18.6,330007.0,"Rodelillo, Ad."
2022-01-02 00:00:00,-33.45528,-70.54861,29.4,330019.0,"Eulogio Sánchez, Tobalaba Ad."
2022-01-03 00:00:00,-33.45528,-70.54861,30.4,330019.0,"Eulogio Sánchez, Tobalaba Ad."
2022-01-04 00:00:00,-33.45528,-70.54861,31.6,330019.0,"Eulogio Sánchez, Tobalaba Ad."
2022-01-05 00:00:00,-33.45528,-70.54861,31.8,330019.0,"Eulogio Sánchez, Tobalaba Ad."
2022-01-06 00:00:00,-33.45528,-70.54861,31.6,330019.0,"Eulogio Sánchez, Tobalaba Ad."
2022-01-07 00:00:00,-33.45528,-70.54861,30.3,330019.0,"Eulogio Sánchez, Tobalaba Ad."
2022-01-08 00:00:00,-33.45528,-70.54861,33.1,330019.0,"Eulogio Sánchez, Tobalaba Ad."
2022-01-09 00:00:00,-33.45528,-70.54861,28.6,330019.0,"Eulogio Sánchez, Tobalaba Ad."
2022-01-10 00:00:00,-33.45528,-70.54861,28.5,330019.0,"Eulogio Sánchez, Tobalaba Ad."
2022-01-11 00:00:00,-33.45528,-70.54861,30.7,330019.0,"Eulogio Sánchez, Tobalaba Ad."
2022-01-12 00:00:00,-33.45528,-70.54861,30.7,330019.0,"Eulogio Sánchez, Tobalaba Ad."
2022-01-13 00:00:00,-33.45528,-70.54861,30.3,330019.0,"Eulogio Sánchez, Tobalaba Ad."
2022-01-14 00:00:00,-33.45528,-70.54861,28.8,330019.0,"Eulogio Sánchez, Tobalaba Ad."
2022-01-15 00:00:00,-33.45528,-70.54861,31.6,330019.0,"Eulogio Sánchez, Tobalaba Ad."
2022-01-16 00:00:00,-33.45528,-70.54861,29.4,330019.0,"Eulogio Sánchez, Tobalaba Ad."
2022-01-17 00:00:00,-33.45528,-70.54861,24.1,330019.0,"Eulogio Sánchez, Tobalaba Ad."
2022-01-18 00:00:00,-33.45528,-70.54861,22.5,330019.0,"Eulogio Sánchez, Tobalaba Ad."
2022-01-02 00:00:00,-33.445,-70.68278,29.9,330020.0,"Quinta Normal, Santiago"
2022-01-03 00:00:00,-33.445,-70.68278,31.0,330020.0,"Quinta Normal, Santiago"
2022-01-04 00:00:00,-33.445,-70.68278,32.6,330020.0,"Quinta Normal, Santiago"
2022-01-05 00:00:00,-33.445,-70.68278,32.4,330020.0,"Quinta Normal, Santiago"
2022-01-06 00:00:00,-33.445,-70.68278,32.3,330020.0,"Quinta Normal, Santiago"
2022-01-07 00:00:00,-33.445,-70.68278,30.3,330020.0,"Quinta Normal, Santiago"
2022-01-08 00:00:00,-33.445,-70.68278,33.6,330020.0,"Quinta Normal, Santiago"
2022-01-09 00:00:00,-33.445,-70.68278,28.4,330020.0,"Quinta Normal, Santiago"
2022-01-10 00:00:00,-33.445,-70.68278,28.3,330020.0,"Quinta Normal, Santiago"
2022-01-11 00:00:00,-33.445,-70.68278,31.7,330020.0,"Quinta Normal, Santiago"
2022-01-12 00:00:00,-33.445,-70.68278,31.5,330020.0,"Quinta Normal, Santiago"
2022-01-13 00:00:00,-33.445,-70.68278,30.1,330020.0,"Quinta Normal, Santiago"
2022-01-14 00:00:00,-33.445,-70.68278,28.6,330020.0,"Quinta Normal, Santiago"
2022-01-15 00:00:00,-33.445,-70.68278,32.1,330020.0,"Quinta Normal, Santiago"
2022-01-16 00:00:00,-33.445,-70.68278,29.2,330020.0,"Quinta Normal, Santiago"
2022-01-17 00:00:00,-33.445,-70.68278,23.3,330020.0,"Quinta Normal, Santiago"
2022-01-18 00:00:00,-33.445,-70.68278,25.0,330020.0,"Quinta Normal, Santiago"
2022-01-02 00:00:00,-33.37833,-70.78778,29.7,330021.0,Pudahuel Santiago 
2022-01-03 00:00:00,-33.37833,-70.78778,30.3,330021.0,Pudahuel Santiago 
2022-01-04 00:00:00,-33.37833,-70.78778,32.1,330021.0,Pudahuel Santiago 
2022-01-05 00:00:00,-33.37833,-70.78778,31.7,330021.0,Pudahuel Santiago 
2022-01-06 00:00:00,-33.37833,-70.78778,31.7,330021.0,Pudahuel Santiago 
2022-01-07 00:00:00,-33.37833,-70.78778,29.8,330021.0,Pudahuel Santiago 
2022-01-08 00:00:00,-33.37833,-70.78778,33.1,330021.0,Pudahuel Santiago 
2022-01-09 00:00:00,-33.37833,-70.78778,29.4,330021.0,Pudahuel Santiago 
2022-01-10 00:00:00,-33.37833,-70.78778,28.4,330021.0,Pudahuel Santiago 
2022-01-11 00:00:00,-33.37833,-70.78778,30.6,330021.0,Pudahuel Santiago 
2022-01-12 00:00:00,-33.37833,-70.78778,31.0,330021.0,Pudahuel Santiago 
2022-01-13 00:00:00,-33.37833,-70.78778,30.7,330021.0,Pudahuel Santiago 
2022-01-14 00:00:00,-33.37833,-70.78778,28.8,330021.0,Pudahuel Santiago 
2022-01-15 00:00:00,-33.37833,-70.78778,32.2,330021.0,Pudahuel Santiago 
2022-01-16 00:00:00,-33.37833,-70.78778,29.3,330021.0,Pudahuel Santiago 
2022-01-17 00:00:00,-33.37833,-70.78778,23.2,330021.0,Pudahuel Santiago 
2022-01-18 00:00:00,-33.37833,-70.78778,24.5,330021.0,Pudahuel Santiago 
2022-01-02 00:00:00,-33.65611,-71.61333,19.2,330030.0,"Santo Domingo, Ad."
2022-01-03 00:00:00,-33.65611,-71.61333,20.3,330030.0,"Santo Domingo, Ad."
2022-01-04 00:00:00,-33.65611,-71.61333,20.6,330030.0,"Santo Domingo, Ad."
2022-01-05 00:00:00,-33.65611,-71.61333,20.9,330030.0,"Santo Domingo, Ad."
2022-01-06 00:00:00,-33.65611,-71.61333,18.4,330030.0,"Santo Domingo, Ad."
2022-01-07 00:00:00,-33.65611,-71.61333,19.1,330030.0,"Santo Domingo, Ad."
2022-01-08 00:00:00,-33.65611,-71.61333,17.0,330030.0,"Santo Domingo, Ad."
2022-01-09 00:00:00,-33.65611,-71.61333,19.7,330030.0,"Santo Domingo, Ad."
2022-01-10 00:00:00,-33.65611,-71.61333,21.0,330030.0,"Santo Domingo, Ad."
2022-01-11 00:00:00,-33.65611,-71.61333,20.2,330030.0,"Santo Domingo, Ad."
2022-01-12 00:00:00,-33.65611,-71.61333,20.2,330030.0,"Santo Domingo, Ad."
2022-01-13 00:00:00,-33.65611,-71.61333,19.1,330030.0,"Santo Domingo, Ad."
2022-01-14 00:00:00,-33.65611,-71.61333,20.7,330030.0,"Santo Domingo, Ad."
2022-01-15 00:00:00,-33.65611,-71.61333,21.8,330030.0,"Santo Domingo, Ad."
2022-01-16 00:00:00,-33.65611,-71.61333,19.3,330030.0,"Santo Domingo, Ad."
2022-01-17 00:00:00,-33.65611,-71.61333,19.1,330030.0,"Santo Domingo, Ad."
2022-01-18 00:00:00,-33.65611,-71.61333,19.3,330030.0,"Santo Domingo, Ad."
2022-01-02 00:00:00,-33.63583,-78.83305,21.0,330031.0,"Juan Fernández, Estación Meteorológica."
2022-01-03 00:00:00,-33.63583,-78.83305,22.1,330031.0,"Juan Fernández, Estación Meteorológica."
2022-01-04 00:00:00,-33.63583,-78.83305,22.4,330031.0,"Juan Fernández, Estación Meteorológica."
2022-01-05 00:00:00,-33.63583,-78.83305,18.1,330031.0,"Juan Fernández, Estación Meteorológica."
2022-01-06 00:00:00,-33.63583,-78.83305,18.6,330031.0,"Juan Fernández, Estación Meteorológica."
2022-01-07 00:00:00,-33.63583,-78.83305,18.2,330031.0,"Juan Fernández, Estación Meteorológica."
2022-01-08 00:00:00,-33.63583,-78.83305,20.1,330031.0,"Juan Fernández, Estación Meteorológica."
2022-01-09 00:00:00,-33.63583,-78.83305,20.1,330031.0,"Juan Fernández, Estación Meteorológica."
2022-01-10 00:00:00,-33.63583,-78.83305,18.7,330031.0,"Juan Fernández, Estación Meteorológica."
2022-01-11 00:00:00,-33.63583,-78.83305,21.1,330031.0,"Juan Fernández, Estación Meteorológica."
2022-01-12 00:00:00,-33.63583,-78.83305,21.1,330031.0,"Juan Fernández, Estación Meteorológica."
2022-01-13 00:00:00,-33.63583,-78.83305,21.9,330031.0,"Juan Fernández, Estación Meteorológica."
2022-01-14 00:00:00,-33.63583,-78.83305,23.8,330031.0,"Juan Fernández, Estación Meteorológica."
2022-01-15 00:00:00,-33.63583,-78.83305,20.8,330031.0,"Juan Fernández, Estación Meteorológica."
2022-01-16 00:00:00,-33.63583,-78.83305,19.3,330031.0,"Juan Fernández, Estación Meteorológica."
2022-01-17 00:00:00,-33.63583,-78.83305,20.2,330031.0,"Juan Fernández, Estación Meteorológica."
2022-01-18 00:00:00,-33.63583,-78.83305,18.3,330031.0,"Juan Fernández, Estación Meteorológica."
2022-01-02 00:00:00,-33.35,-70.29361,12.5,330077.0,El Colorado
2022-01-03 00:00:00,-33.35,-70.29361,13.5,330077.0,El Colorado
2022-01-04 00:00:00,-33.35,-70.29361,14.3,330077.0,El Colorado
2022-01-05 00:00:00,-33.35,-70.29361,15.2,330077.0,El Colorado
2022-01-06 00:00:00,-33.35,-70.29361,16.6,330077.0,El Colorado
2022-01-07 00:00:00,-33.35,-70.29361,16.4,330077.0,El Colorado
2022-01-08 00:00:00,-33.35,-70.29361,17.3,330077.0,El Colorado
2022-01-09 00:00:00,-33.35,-70.29361,16.1,330077.0,El Colorado
2022-01-10 00:00:00,-33.35,-70.29361,16.0,330077.0,El Colorado
2022-01-11 00:00:00,-33.35,-70.29361,17.5,330077.0,El Colorado
2022-01-12 00:00:00,-33.35,-70.29361,17.5,330077.0,El Colorado
2022-01-02 00:00:00,-33.45806,-70.94861,26.9,330111.0,Lo Prado Cerro San Francisco
2022-01-03 00:00:00,-33.45806,-70.94861,28.1,330111.0,Lo Prado Cerro San Francisco
2022-01-04 00:00:00,-33.45806,-70.94861,30.1,330111.0,Lo Prado Cerro San Francisco
2022-01-05 00:00:00,-33.45806,-70.94861,28.9,330111.0,Lo Prado Cerro San Francisco
2022-01-06 00:00:00,-33.45806,-70.94861,28.1,330111.0,Lo Prado Cerro San Francisco
2022-01-07 00:00:00,-33.45806,-70.94861,25.1,330111.0,Lo Prado Cerro San Francisco
2022-01-08 00:00:00,-33.45806,-70.94861,30.4,330111.0,Lo Prado Cerro San Francisco
2022-01-09 00:00:00,-33.45806,-70.94861,23.5,330111.0,Lo Prado Cerro San Francisco
2022-01-10 00:00:00,-33.45806,-70.94861,24.9,330111.0,Lo Prado Cerro San Francisco
2022-01-11 00:00:00,-33.45806,-70.94861,28.5,330111.0,Lo Prado Cerro San Francisco
2022-01-12 00:00:00,-33.45806,-70.94861,27.4,330111.0,Lo Prado Cerro San Francisco
2022-01-13 00:00:00,-33.45806,-70.94861,25.1,330111.0,Lo Prado Cerro San Francisco
2022-01-14 00:00:00,-33.45806,-70.94861,23.1,330111.0,Lo Prado Cerro San Francisco
2022-01-15 00:00:00,-33.45806,-70.94861,28.9,330111.0,Lo Prado Cerro San Francisco
2022-01-16 00:00:00,-33.45806,-70.94861,25.1,330111.0,Lo Prado Cerro San Francisco
2022-01-17 00:00:00,-33.45806,-70.94861,15.9,330111.0,Lo Prado Cerro San Francisco
2022-01-18 00:00:00,-33.45806,-70.94861,21.8,330111.0,Lo Prado Cerro San Francisco
2022-01-02 00:00:00,-33.61528,-70.35055,28.6,330112.0,San José  Guayacán
2022-01-03 00:00:00,-33.61528,-70.35055,29.7,330112.0,San José  Guayacán
2022-01-04 00:00:00,-33.61528,-70.35055,30.4,330112.0,San José  Guayacán
2022-01-05 00:00:00,-33.61528,-70.35055,30.0,330112.0,San José  Guayacán
2022-01-06 00:00:00,-33.61528,-70.35055,31.5,330112.0,San José  Guayacán
2022-01-07 00:00:00,-33.61528,-70.35055,29.3,330112.0,San José  Guayacán
2022-01-08 00:00:00,-33.61528,-70.35055,32.4,330112.0,San José  Guayacán
2022-01-09 00:00:00,-33.61528,-70.35055,30.4,330112.0,San José  Guayacán
2022-01-10 00:00:00,-33.61528,-70.35055,26.2,330112.0,San José  Guayacán
2022-01-11 00:00:00,-33.61528,-70.35055,29.3,330112.0,San José  Guayacán
2022-01-12 00:00:00,-33.61528,-70.35055,30.1,330112.0,San José  Guayacán
2022-01-13 00:00:00,-33.61528,-70.35055,30.3,330112.0,San José  Guayacán
2022-01-14 00:00:00,-33.61528,-70.35055,28.7,330112.0,San José  Guayacán
2022-01-15 00:00:00,-33.61528,-70.35055,30.1,330112.0,San José  Guayacán
2022-01-16 00:00:00,-33.61528,-70.35055,28.6,330112.0,San José  Guayacán
2022-01-17 00:00:00,-33.61528,-70.35055,24.1,330112.0,San José  Guayacán
2022-01-18 00:00:00,-33.61528,-70.35055,20.3,330112.0,San José  Guayacán
2022-01-02 00:00:00,-33.70639,-71.00805,28.6,330113.0,El Paico
2022-01-03 00:00:00,-33.70639,-71.00805,30.8,330113.0,El Paico
2022-01-04 00:00:00,-33.70639,-71.00805,31.5,330113.0,El Paico
2022-01-05 00:00:00,-33.70639,-71.00805,31.4,330113.0,El Paico
2022-01-06 00:00:00,-33.70639,-71.00805,29.5,330113.0,El Paico
2022-01-07 00:00:00,-33.70639,-71.00805,26.6,330113.0,El Paico
2022-01-08 00:00:00,-33.70639,-71.00805,30.9,330113.0,El Paico
2022-01-09 00:00:00,-33.70639,-71.00805,26.8,330113.0,El Paico
2022-01-10 00:00:00,-33.70639,-71.00805,27.9,330113.0,El Paico
2022-01-11 00:00:00,-33.70639,-71.00805,29.5,330113.0,El Paico
2022-01-13 00:00:00,-33.70639,-71.00805,27.2,330113.0,El Paico
2022-01-17 00:00:00,-33.70639,-71.00805,22.7,330113.0,El Paico
2022-01-02 00:00:00,-34.96944,-71.21694,29.0,340031.0,"General Freire, Curicó Ad."
2022-01-03 00:00:00,-34.96944,-71.21694,30.1,340031.0,"General Freire, Curicó Ad."
2022-01-04 00:00:00,-34.96944,-71.21694,31.2,340031.0,"General Freire, Curicó Ad."
2022-01-05 00:00:00,-34.96944,-71.21694,30.9,340031.0,"General Freire, Curicó Ad."
2022-01-06 00:00:00,-34.96944,-71.21694,32.3,340031.0,"General Freire, Curicó Ad."
2022-01-07 00:00:00,-34.96944,-71.21694,31.6,340031.0,"General Freire, Curicó Ad."
2022-01-08 00:00:00,-34.96944,-71.21694,35.2,340031.0,"General Freire, Curicó Ad."
2022-01-09 00:00:00,-34.96944,-71.21694,27.2,340031.0,"General Freire, Curicó Ad."
2022-01-10 00:00:00,-34.96944,-71.21694,29.1,340031.0,"General Freire, Curicó Ad."
2022-01-11 00:00:00,-34.96944,-71.21694,31.6,340031.0,"General Freire, Curicó Ad."
2022-01-12 00:00:00,-34.96944,-71.21694,32.3,340031.0,"General Freire, Curicó Ad."
2022-01-13 00:00:00,-34.96944,-71.21694,30.5,340031.0,"General Freire, Curicó Ad."
2022-01-14 00:00:00,-34.96944,-71.21694,29.8,340031.0,"General Freire, Curicó Ad."
2022-01-15 00:00:00,-34.96944,-71.21694,31.6,340031.0,"General Freire, Curicó Ad."
2022-01-16 00:00:00,-34.96944,-71.21694,31.1,340031.0,"General Freire, Curicó Ad."
2022-01-17 00:00:00,-34.96944,-71.21694,24.6,340031.0,"General Freire, Curicó Ad."
2022-01-02 00:00:00,-34.17222,-70.77611,29.4,340045.0,Rancagua
2022-01-03 00:00:00,-34.17222,-70.77611,30.7,340045.0,Rancagua
2022-01-04 00:00:00,-34.17222,-70.77611,31.7,340045.0,Rancagua
2022-01-05 00:00:00,-34.17222,-70.77611,30.4,340045.0,Rancagua
2022-01-06 00:00:00,-34.17222,-70.77611,31.8,340045.0,Rancagua
2022-01-07 00:00:00,-34.17222,-70.77611,30.9,340045.0,Rancagua
2022-01-08 00:00:00,-34.17222,-70.77611,33.9,340045.0,Rancagua
2022-01-09 00:00:00,-34.17222,-70.77611,27.2,340045.0,Rancagua
2022-01-10 00:00:00,-34.17222,-70.77611,26.8,340045.0,Rancagua
2022-01-11 00:00:00,-34.17222,-70.77611,30.9,340045.0,Rancagua
2022-01-12 00:00:00,-34.17222,-70.77611,31.7,340045.0,Rancagua
2022-01-13 00:00:00,-34.17222,-70.77611,31.0,340045.0,Rancagua
2022-01-14 00:00:00,-34.17222,-70.77611,28.5,340045.0,Rancagua
2022-01-15 00:00:00,-34.17222,-70.77611,31.7,340045.0,Rancagua
2022-01-16 00:00:00,-34.17222,-70.77611,30.1,340045.0,Rancagua
2022-01-17 00:00:00,-34.17222,-70.77611,22.7,340045.0,Rancagua
2022-01-18 00:00:00,-34.17222,-70.77611,22.9,340045.0,Rancagua
2022-01-02 00:00:00,-36.58583,-72.03667,26.0,360011.0,"General Bernardo O'Higgins, Chillán Ad."
2022-01-03 00:00:00,-36.58583,-72.03667,23.2,360011.0,"General Bernardo O'Higgins, Chillán Ad."
2022-01-04 00:00:00,-36.58583,-72.03667,27.1,360011.0,"General Bernardo O'Higgins, Chillán Ad."
2022-01-05 00:00:00,-36.58583,-72.03667,28.2,360011.0,"General Bernardo O'Higgins, Chillán Ad."
2022-01-06 00:00:00,-36.58583,-72.03667,32.5,360011.0,"General Bernardo O'Higgins, Chillán Ad."
2022-01-07 00:00:00,-36.58583,-72.03667,33.5,360011.0,"General Bernardo O'Higgins, Chillán Ad."
2022-01-08 00:00:00,-36.58583,-72.03667,36.2,360011.0,"General Bernardo O'Higgins, Chillán Ad."
2022-01-09 00:00:00,-36.58583,-72.03667,32.4,360011.0,"General Bernardo O'Higgins, Chillán Ad."
2022-01-10 00:00:00,-36.58583,-72.03667,28.7,360011.0,"General Bernardo O'Higgins, Chillán Ad."
2022-01-11 00:00:00,-36.58583,-72.03667,33.4,360011.0,"General Bernardo O'Higgins, Chillán Ad."
2022-01-12 00:00:00,-36.58583,-72.03667,35.7,360011.0,"General Bernardo O'Higgins, Chillán Ad."
2022-01-13 00:00:00,-36.58583,-72.03667,33.5,360011.0,"General Bernardo O'Higgins, Chillán Ad."
2022-01-14 00:00:00,-36.58583,-72.03667,29.7,360011.0,"General Bernardo O'Higgins, Chillán Ad."
2022-01-15 00:00:00,-36.58583,-72.03667,31.5,360011.0,"General Bernardo O'Higgins, Chillán Ad."
2022-01-16 00:00:00,-36.58583,-72.03667,30.6,360011.0,"General Bernardo O'Higgins, Chillán Ad."
2022-01-17 00:00:00,-36.58583,-72.03667,25.7,360011.0,"General Bernardo O'Higgins, Chillán Ad."
2022-01-18 00:00:00,-36.58583,-72.03667,21.3,360011.0,"General Bernardo O'Higgins, Chillán Ad."
2022-01-02 00:00:00,-36.78055,-73.06639,20.0,360019.0,"Carriel Sur, Concepción Ap."
2022-01-03 00:00:00,-36.78055,-73.06639,18.3,360019.0,"Carriel Sur, Concepción Ap."
2022-01-04 00:00:00,-36.78055,-73.06639,19.4,360019.0,"Carriel Sur, Concepción Ap."
2022-01-05 00:00:00,-36.78055,-73.06639,22.6,360019.0,"Carriel Sur, Concepción Ap."
2022-01-06 00:00:00,-36.78055,-73.06639,22.2,360019.0,"Carriel Sur, Concepción Ap."
2022-01-07 00:00:00,-36.78055,-73.06639,22.9,360019.0,"Carriel Sur, Concepción Ap."
2022-01-08 00:00:00,-36.78055,-73.06639,25.9,360019.0,"Carriel Sur, Concepción Ap."
2022-01-09 00:00:00,-36.78055,-73.06639,17.8,360019.0,"Carriel Sur, Concepción Ap."
2022-01-10 00:00:00,-36.78055,-73.06639,21.6,360019.0,"Carriel Sur, Concepción Ap."
2022-01-11 00:00:00,-36.78055,-73.06639,25.9,360019.0,"Carriel Sur, Concepción Ap."
2022-01-12 00:00:00,-36.78055,-73.06639,22.5,360019.0,"Carriel Sur, Concepción Ap."
2022-01-13 00:00:00,-36.78055,-73.06639,20.8,360019.0,"Carriel Sur, Concepción Ap."
2022-01-14 00:00:00,-36.78055,-73.06639,22.6,360019.0,"Carriel Sur, Concepción Ap."
2022-01-15 00:00:00,-36.78055,-73.06639,24.5,360019.0,"Carriel Sur, Concepción Ap."
2022-01-16 00:00:00,-36.78055,-73.06639,23.2,360019.0,"Carriel Sur, Concepción Ap."
2022-01-17 00:00:00,-36.78055,-73.06639,20.5,360019.0,"Carriel Sur, Concepción Ap."
2022-01-18 00:00:00,-36.78055,-73.06639,18.4,360019.0,"Carriel Sur, Concepción Ap."
2022-01-02 00:00:00,-36.90361,-71.41,,360042.0,Termas de Chillán
2022-01-03 00:00:00,-36.90361,-71.41,,360042.0,Termas de Chillán
2022-01-04 00:00:00,-36.90361,-71.41,,360042.0,Termas de Chillán
2022-01-05 00:00:00,-36.90361,-71.41,,360042.0,Termas de Chillán
2022-01-02 00:00:00,-36.07555,-71.75805,26.6,360047.0,Retiro Copihue
2022-01-03 00:00:00,-36.07555,-71.75805,26.6,360047.0,Retiro Copihue
2022-01-04 00:00:00,-36.07555,-71.75805,29.0,360047.0,Retiro Copihue
2022-01-05 00:00:00,-36.07555,-71.75805,28.5,360047.0,Retiro Copihue
2022-01-06 00:00:00,-36.07555,-71.75805,32.3,360047.0,Retiro Copihue
2022-01-07 00:00:00,-36.07555,-71.75805,33.1,360047.0,Retiro Copihue
2022-01-08 00:00:00,-36.07555,-71.75805,34.8,360047.0,Retiro Copihue
2022-01-09 00:00:00,-36.07555,-71.75805,29.2,360047.0,Retiro Copihue
2022-01-10 00:00:00,-36.07555,-71.75805,28.6,360047.0,Retiro Copihue
2022-01-11 00:00:00,-36.07555,-71.75805,31.6,360047.0,Retiro Copihue
2022-01-12 00:00:00,-36.07555,-71.75805,34.6,360047.0,Retiro Copihue
2022-01-13 00:00:00,-36.07555,-71.75805,33.3,360047.0,Retiro Copihue
2022-01-14 00:00:00,-36.07555,-71.75805,30.0,360047.0,Retiro Copihue
2022-01-15 00:00:00,-36.07555,-71.75805,31.0,360047.0,Retiro Copihue
2022-01-16 00:00:00,-36.07555,-71.75805,31.3,360047.0,Retiro Copihue
2022-01-17 00:00:00,-36.07555,-71.75805,26.1,360047.0,Retiro Copihue
2022-01-18 00:00:00,-36.07555,-71.75805,21.8,360047.0,Retiro Copihue
2022-01-02 00:00:00,-38.76778,-72.63194,19.8,380013.0,"Maquehue, Temuco Ad."
2022-01-03 00:00:00,-38.76778,-72.63194,18.7,380013.0,"Maquehue, Temuco Ad."
2022-01-04 00:00:00,-38.76778,-72.63194,19.8,380013.0,"Maquehue, Temuco Ad."
2022-01-05 00:00:00,-38.76778,-72.63194,23.0,380013.0,"Maquehue, Temuco Ad."
2022-01-06 00:00:00,-38.76778,-72.63194,26.2,380013.0,"Maquehue, Temuco Ad."
2022-01-07 00:00:00,-38.76778,-72.63194,27.0,380013.0,"Maquehue, Temuco Ad."
2022-01-08 00:00:00,-38.76778,-72.63194,28.8,380013.0,"Maquehue, Temuco Ad."
2022-01-09 00:00:00,-38.76778,-72.63194,28.7,380013.0,"Maquehue, Temuco Ad."
2022-01-10 00:00:00,-38.76778,-72.63194,25.9,380013.0,"Maquehue, Temuco Ad."
2022-01-11 00:00:00,-38.76778,-72.63194,28.6,380013.0,"Maquehue, Temuco Ad."
2022-01-12 00:00:00,-38.76778,-72.63194,31.9,380013.0,"Maquehue, Temuco Ad."
2022-01-13 00:00:00,-38.76778,-72.63194,27.0,380013.0,"Maquehue, Temuco Ad."
2022-01-14 00:00:00,-38.76778,-72.63194,26.0,380013.0,"Maquehue, Temuco Ad."
2022-01-15 00:00:00,-38.76778,-72.63194,26.9,380013.0,"Maquehue, Temuco Ad."
2022-01-16 00:00:00,-38.76778,-72.63194,22.9,380013.0,"Maquehue, Temuco Ad."
2022-01-17 00:00:00,-38.76778,-72.63194,18.2,380013.0,"Maquehue, Temuco Ad."
2022-01-18 00:00:00,-38.76778,-72.63194,18.3,380013.0,"Maquehue, Temuco Ad."
2022-01-02 00:00:00,-38.93444,-72.65333,17.5,380029.0,La Araucanía Ad.
2022-01-03 00:00:00,-38.93444,-72.65333,19.1,380029.0,La Araucanía Ad.
2022-01-04 00:00:00,-38.93444,-72.65333,20.0,380029.0,La Araucanía Ad.
2022-01-05 00:00:00,-38.93444,-72.65333,22.6,380029.0,La Araucanía Ad.
2022-01-06 00:00:00,-38.93444,-72.65333,24.9,380029.0,La Araucanía Ad.
2022-01-07 00:00:00,-38.93444,-72.65333,25.8,380029.0,La Araucanía Ad.
2022-01-08 00:00:00,-38.93444,-72.65333,29.1,380029.0,La Araucanía Ad.
2022-01-09 00:00:00,-38.93444,-72.65333,27.7,380029.0,La Araucanía Ad.
2022-01-10 00:00:00,-38.93444,-72.65333,23.8,380029.0,La Araucanía Ad.
2022-01-11 00:00:00,-38.93444,-72.65333,27.2,380029.0,La Araucanía Ad.
2022-01-12 00:00:00,-38.93444,-72.65333,30.8,380029.0,La Araucanía Ad.
2022-01-13 00:00:00,-38.93444,-72.65333,25.1,380029.0,La Araucanía Ad.
2022-01-14 00:00:00,-38.93444,-72.65333,24.6,380029.0,La Araucanía Ad.
2022-01-15 00:00:00,-38.93444,-72.65333,26.3,380029.0,La Araucanía Ad.
2022-01-16 00:00:00,-38.93444,-72.65333,22.2,380029.0,La Araucanía Ad.
2022-01-17 00:00:00,-38.93444,-72.65333,18.3,380029.0,La Araucanía Ad.
2022-01-18 00:00:00,-38.93444,-72.65333,18.2,380029.0,La Araucanía Ad.
2022-01-02 00:00:00,-38.22889,-72.34333,20.0,380063.0,Victoria (Reg.)
2022-01-03 00:00:00,-38.22889,-72.34333,18.9,380063.0,Victoria (Reg.)
2022-01-05 00:00:00,-38.22889,-72.34333,23.1,380063.0,Victoria (Reg.)
2022-01-06 00:00:00,-38.22889,-72.34333,28.8,380063.0,Victoria (Reg.)
2022-01-07 00:00:00,-38.22889,-72.34333,28.9,380063.0,Victoria (Reg.)
2022-01-08 00:00:00,-38.22889,-72.34333,30.2,380063.0,Victoria (Reg.)
2022-01-09 00:00:00,-38.22889,-72.34333,31.5,380063.0,Victoria (Reg.)
2022-01-10 00:00:00,-38.22889,-72.34333,26.5,380063.0,Victoria (Reg.)
2022-01-11 00:00:00,-38.22889,-72.34333,30.1,380063.0,Victoria (Reg.)
2022-01-12 00:00:00,-38.22889,-72.34333,33.3,380063.0,Victoria (Reg.)
2022-01-13 00:00:00,-38.22889,-72.34333,32.9,380063.0,Victoria (Reg.)
2022-01-14 00:00:00,-38.22889,-72.34333,27.0,380063.0,Victoria (Reg.)
2022-01-15 00:00:00,-38.22889,-72.34333,28.8,380063.0,Victoria (Reg.)
2022-01-16 00:00:00,-38.22889,-72.34333,24.0,380063.0,Victoria (Reg.)
2022-01-17 00:00:00,-38.22889,-72.34333,17.7,380063.0,Victoria (Reg.)
2022-01-18 00:00:00,-38.22889,-72.34333,18.3,380063.0,Victoria (Reg.)
2022-01-02 00:00:00,-39.65667,-73.08722,15.6,390006.0,"Pichoy, Valdivia Ad."
2022-01-03 00:00:00,-39.65667,-73.08722,20.0,390006.0,"Pichoy, Valdivia Ad."
2022-01-04 00:00:00,-39.65667,-73.08722,17.9,390006.0,"Pichoy, Valdivia Ad."
2022-01-05 00:00:00,-39.65667,-73.08722,21.4,390006.0,"Pichoy, Valdivia Ad."
2022-01-06 00:00:00,-39.65667,-73.08722,25.8,390006.0,"Pichoy, Valdivia Ad."
2022-01-07 00:00:00,-39.65667,-73.08722,28.0,390006.0,"Pichoy, Valdivia Ad."
2022-01-08 00:00:00,-39.65667,-73.08722,31.2,390006.0,"Pichoy, Valdivia Ad."
2022-01-09 00:00:00,-39.65667,-73.08722,28.3,390006.0,"Pichoy, Valdivia Ad."
2022-01-10 00:00:00,-39.65667,-73.08722,21.9,390006.0,"Pichoy, Valdivia Ad."
2022-01-11 00:00:00,-39.65667,-73.08722,27.4,390006.0,"Pichoy, Valdivia Ad."
2022-01-12 00:00:00,-39.65667,-73.08722,29.9,390006.0,"Pichoy, Valdivia Ad."
2022-01-13 00:00:00,-39.65667,-73.08722,27.2,390006.0,"Pichoy, Valdivia Ad."
2022-01-14 00:00:00,-39.65667,-73.08722,23.9,390006.0,"Pichoy, Valdivia Ad."
2022-01-15 00:00:00,-39.65667,-73.08722,24.5,390006.0,"Pichoy, Valdivia Ad."
2022-01-16 00:00:00,-39.65667,-73.08722,22.0,390006.0,"Pichoy, Valdivia Ad."
2022-01-17 00:00:00,-39.65667,-73.08722,18.7,390006.0,"Pichoy, Valdivia Ad."
2022-01-18 00:00:00,-39.65667,-73.08722,18.2,390006.0,"Pichoy, Valdivia Ad."
2022-01-02 00:00:00,-40.61444,-73.0575,17.4,400009.0,"Cañal Bajo,  Osorno Ad."
2022-01-03 00:00:00,-40.61444,-73.0575,20.2,400009.0,"Cañal Bajo,  Osorno Ad."
2022-01-04 00:00:00,-40.61444,-73.0575,20.3,400009.0,"Cañal Bajo,  Osorno Ad."
2022-01-05 00:00:00,-40.61444,-73.0575,21.2,400009.0,"Cañal Bajo,  Osorno Ad."
2022-01-06 00:00:00,-40.61444,-73.0575,23.5,400009.0,"Cañal Bajo,  Osorno Ad."
2022-01-07 00:00:00,-40.61444,-73.0575,26.0,400009.0,"Cañal Bajo,  Osorno Ad."
2022-01-08 00:00:00,-40.61444,-73.0575,29.2,400009.0,"Cañal Bajo,  Osorno Ad."
2022-01-09 00:00:00,-40.61444,-73.0575,29.8,400009.0,"Cañal Bajo,  Osorno Ad."
2022-01-10 00:00:00,-40.61444,-73.0575,22.5,400009.0,"Cañal Bajo,  Osorno Ad."
2022-01-11 00:00:00,-40.61444,-73.0575,28.3,400009.0,"Cañal Bajo,  Osorno Ad."
2022-01-12 00:00:00,-40.61444,-73.0575,29.4,400009.0,"Cañal Bajo,  Osorno Ad."
2022-01-13 00:00:00,-40.61444,-73.0575,30.7,400009.0,"Cañal Bajo,  Osorno Ad."
2022-01-14 00:00:00,-40.61444,-73.0575,22.4,400009.0,"Cañal Bajo,  Osorno Ad."
2022-01-15 00:00:00,-40.61444,-73.0575,23.1,400009.0,"Cañal Bajo,  Osorno Ad."
2022-01-16 00:00:00,-40.61444,-73.0575,20.5,400009.0,"Cañal Bajo,  Osorno Ad."
2022-01-17 00:00:00,-40.61444,-73.0575,16.5,400009.0,"Cañal Bajo,  Osorno Ad."
2022-01-18 00:00:00,-40.61444,-73.0575,19.2,400009.0,"Cañal Bajo,  Osorno Ad."
2022-01-02 00:00:00,-41.4475,-73.09583,15.8,410005.0,El Tepual  Puerto Montt Ap.
2022-01-03 00:00:00,-41.4475,-73.09583,18.8,410005.0,El Tepual  Puerto Montt Ap.
2022-01-04 00:00:00,-41.4475,-73.09583,17.4,410005.0,El Tepual  Puerto Montt Ap.
2022-01-05 00:00:00,-41.4475,-73.09583,19.4,410005.0,El Tepual  Puerto Montt Ap.
2022-01-06 00:00:00,-41.4475,-73.09583,18.4,410005.0,El Tepual  Puerto Montt Ap.
2022-01-07 00:00:00,-41.4475,-73.09583,20.5,410005.0,El Tepual  Puerto Montt Ap.
2022-01-08 00:00:00,-41.4475,-73.09583,24.7,410005.0,El Tepual  Puerto Montt Ap.
2022-01-09 00:00:00,-41.4475,-73.09583,24.3,410005.0,El Tepual  Puerto Montt Ap.
2022-01-10 00:00:00,-41.4475,-73.09583,22.7,410005.0,El Tepual  Puerto Montt Ap.
2022-01-11 00:00:00,-41.4475,-73.09583,23.5,410005.0,El Tepual  Puerto Montt Ap.
2022-01-12 00:00:00,-41.4475,-73.09583,22.8,410005.0,El Tepual  Puerto Montt Ap.
2022-01-13 00:00:00,-41.4475,-73.09583,23.1,410005.0,El Tepual  Puerto Montt Ap.
2022-01-14 00:00:00,-41.4475,-73.09583,21.5,410005.0,El Tepual  Puerto Montt Ap.
2022-01-15 00:00:00,-41.4475,-73.09583,20.5,410005.0,El Tepual  Puerto Montt Ap.
2022-01-16 00:00:00,-41.4475,-73.09583,17.5,410005.0,El Tepual  Puerto Montt Ap.
2022-01-17 00:00:00,-41.4475,-73.09583,15.0,410005.0,El Tepual  Puerto Montt Ap.
2022-01-18 00:00:00,-41.4475,-73.09583,16.8,410005.0,El Tepual  Puerto Montt Ap.
2022-01-02 00:00:00,-43.13361,-73.63278,16.2,430001.0,Quellón Ad.
2022-01-03 00:00:00,-43.13361,-73.63278,18.5,430001.0,Quellón Ad.
2022-01-04 00:00:00,-43.13361,-73.63278,17.6,430001.0,Quellón Ad.
2022-01-05 00:00:00,-43.13361,-73.63278,15.9,430001.0,Quellón Ad.
2022-01-06 00:00:00,-43.13361,-73.63278,18.4,430001.0,Quellón Ad.
2022-01-07 00:00:00,-43.13361,-73.63278,20.8,430001.0,Quellón Ad.
2022-01-08 00:00:00,-43.13361,-73.63278,21.4,430001.0,Quellón Ad.
2022-01-09 00:00:00,-43.13361,-73.63278,19.7,430001.0,Quellón Ad.
2022-01-10 00:00:00,-43.13361,-73.63278,21.4,430001.0,Quellón Ad.
2022-01-11 00:00:00,-43.13361,-73.63278,23.0,430001.0,Quellón Ad.
2022-01-12 00:00:00,-43.13361,-73.63278,20.9,430001.0,Quellón Ad.
2022-01-13 00:00:00,-43.13361,-73.63278,18.4,430001.0,Quellón Ad.
2022-01-14 00:00:00,-43.13361,-73.63278,19.8,430001.0,Quellón Ad.
2022-01-15 00:00:00,-43.13361,-73.63278,16.6,430001.0,Quellón Ad.
2022-01-16 00:00:00,-43.13361,-73.63278,19.0,430001.0,Quellón Ad.
2022-01-17 00:00:00,-43.13361,-73.63278,12.8,430001.0,Quellón Ad.
2022-01-18 00:00:00,-43.13361,-73.63278,16.0,430001.0,Quellón Ad.
2022-01-02 00:00:00,-43.18889,-71.85222,14.5,430002.0,Futaleufú Ad.
2022-01-03 00:00:00,-43.18889,-71.85222,14.1,430002.0,Futaleufú Ad.
2022-01-04 00:00:00,-43.18889,-71.85222,19.5,430002.0,Futaleufú Ad.
2022-01-05 00:00:00,-43.18889,-71.85222,18.3,430002.0,Futaleufú Ad.
2022-01-06 00:00:00,-43.18889,-71.85222,26.1,430002.0,Futaleufú Ad.
2022-01-07 00:00:00,-43.18889,-71.85222,29.4,430002.0,Futaleufú Ad.
2022-01-08 00:00:00,-43.18889,-71.85222,28.8,430002.0,Futaleufú Ad.
2022-01-09 00:00:00,-43.18889,-71.85222,28.6,430002.0,Futaleufú Ad.
2022-01-10 00:00:00,-43.18889,-71.85222,25.3,430002.0,Futaleufú Ad.
2022-01-11 00:00:00,-43.18889,-71.85222,24.2,430002.0,Futaleufú Ad.
2022-01-12 00:00:00,-43.18889,-71.85222,27.7,430002.0,Futaleufú Ad.
2022-01-13 00:00:00,-43.18889,-71.85222,28.4,430002.0,Futaleufú Ad.
2022-01-14 00:00:00,-43.18889,-71.85222,21.1,430002.0,Futaleufú Ad.
2022-01-15 00:00:00,-43.18889,-71.85222,19.5,430002.0,Futaleufú Ad.
2022-01-16 00:00:00,-43.18889,-71.85222,17.1,430002.0,Futaleufú Ad.
2022-01-17 00:00:00,-43.18889,-71.85222,13.6,430002.0,Futaleufú Ad.
2022-01-18 00:00:00,-43.18889,-71.85222,18.0,430002.0,Futaleufú Ad.
2022-01-02 00:00:00,-43.89778,-73.73944,15.5,430009.0,Melinka Ad.
2022-01-03 00:00:00,-43.89778,-73.73944,15.4,430009.0,Melinka Ad.
2022-01-04 00:00:00,-43.89778,-73.73944,14.7,430009.0,Melinka Ad.
2022-01-05 00:00:00,-43.89778,-73.73944,15.8,430009.0,Melinka Ad.
2022-01-06 00:00:00,-43.89778,-73.73944,20.8,430009.0,Melinka Ad.
2022-01-07 00:00:00,-43.89778,-73.73944,23.2,430009.0,Melinka Ad.
2022-01-08 00:00:00,-43.89778,-73.73944,23.0,430009.0,Melinka Ad.
2022-01-09 00:00:00,-43.89778,-73.73944,19.8,430009.0,Melinka Ad.
2022-01-10 00:00:00,-43.89778,-73.73944,18.6,430009.0,Melinka Ad.
2022-01-11 00:00:00,-43.89778,-73.73944,19.2,430009.0,Melinka Ad.
2022-01-12 00:00:00,-43.89778,-73.73944,19.7,430009.0,Melinka Ad.
2022-01-13 00:00:00,-43.89778,-73.73944,19.5,430009.0,Melinka Ad.
2022-01-14 00:00:00,-43.89778,-73.73944,15.6,430009.0,Melinka Ad.
2022-01-15 00:00:00,-43.89778,-73.73944,17.6,430009.0,Melinka Ad.
2022-01-16 00:00:00,-43.89778,-73.73944,14.9,430009.0,Melinka Ad.
2022-01-17 00:00:00,-43.89778,-73.73944,15.1,430009.0,Melinka Ad.
2022-01-18 00:00:00,-43.89778,-73.73944,17.6,430009.0,Melinka Ad.
2022-01-08 00:00:00,-45.39944,-72.67722,24.7,450001.0,Puerto Aysén Ad.
2022-01-14 00:00:00,-45.39944,-72.67722,18.2,450001.0,Puerto Aysén Ad.
2022-01-18 00:00:00,-45.39944,-72.67722,18.3,450001.0,Puerto Aysén Ad.
2022-01-02 00:00:00,-45.59083,-72.10222,16.1,450004.0,"Teniente Vidal, Coyhaique Ad."
2022-01-03 00:00:00,-45.59083,-72.10222,14.3,450004.0,"Teniente Vidal, Coyhaique Ad."
2022-01-04 00:00:00,-45.59083,-72.10222,14.0,450004.0,"Teniente Vidal, Coyhaique Ad."
2022-01-05 00:00:00,-45.59083,-72.10222,18.0,450004.0,"Teniente Vidal, Coyhaique Ad."
2022-01-06 00:00:00,-45.59083,-72.10222,23.4,450004.0,"Teniente Vidal, Coyhaique Ad."
2022-01-07 00:00:00,-45.59083,-72.10222,24.9,450004.0,"Teniente Vidal, Coyhaique Ad."
2022-01-08 00:00:00,-45.59083,-72.10222,24.6,450004.0,"Teniente Vidal, Coyhaique Ad."
2022-01-09 00:00:00,-45.59083,-72.10222,23.0,450004.0,"Teniente Vidal, Coyhaique Ad."
2022-01-10 00:00:00,-45.59083,-72.10222,21.4,450004.0,"Teniente Vidal, Coyhaique Ad."
2022-01-11 00:00:00,-45.59083,-72.10222,20.4,450004.0,"Teniente Vidal, Coyhaique Ad."
2022-01-12 00:00:00,-45.59083,-72.10222,22.7,450004.0,"Teniente Vidal, Coyhaique Ad."
2022-01-13 00:00:00,-45.59083,-72.10222,23.6,450004.0,"Teniente Vidal, Coyhaique Ad."
2022-01-14 00:00:00,-45.59083,-72.10222,20.1,450004.0,"Teniente Vidal, Coyhaique Ad."
2022-01-15 00:00:00,-45.59083,-72.10222,20.9,450004.0,"Teniente Vidal, Coyhaique Ad."
2022-01-16 00:00:00,-45.59083,-72.10222,13.7,450004.0,"Teniente Vidal, Coyhaique Ad."
2022-01-17 00:00:00,-45.59083,-72.10222,14.6,450004.0,"Teniente Vidal, Coyhaique Ad."
2022-01-18 00:00:00,-45.59083,-72.10222,18.8,450004.0,"Teniente Vidal, Coyhaique Ad."
2022-01-02 00:00:00,-45.91833,-71.67778,15.6,450005.0,Balmaceda Ad.
2022-01-03 00:00:00,-45.91833,-71.67778,12.3,450005.0,Balmaceda Ad.
2022-01-04 00:00:00,-45.91833,-71.67778,12.9,450005.0,Balmaceda Ad.
2022-01-05 00:00:00,-45.91833,-71.67778,17.4,450005.0,Balmaceda Ad.
2022-01-06 00:00:00,-45.91833,-71.67778,22.3,450005.0,Balmaceda Ad.
2022-01-07 00:00:00,-45.91833,-71.67778,23.2,450005.0,Balmaceda Ad.
2022-01-08 00:00:00,-45.91833,-71.67778,24.0,450005.0,Balmaceda Ad.
2022-01-09 00:00:00,-45.91833,-71.67778,22.4,450005.0,Balmaceda Ad.
2022-01-10 00:00:00,-45.91833,-71.67778,19.7,450005.0,Balmaceda Ad.
2022-01-11 00:00:00,-45.91833,-71.67778,20.0,450005.0,Balmaceda Ad.
2022-01-12 00:00:00,-45.91833,-71.67778,21.0,450005.0,Balmaceda Ad.
2022-01-13 00:00:00,-45.91833,-71.67778,22.8,450005.0,Balmaceda Ad.
2022-01-14 00:00:00,-45.91833,-71.67778,18.6,450005.0,Balmaceda Ad.
2022-01-15 00:00:00,-45.91833,-71.67778,20.2,450005.0,Balmaceda Ad.
2022-01-16 00:00:00,-45.91833,-71.67778,13.4,450005.0,Balmaceda Ad.
2022-01-17 00:00:00,-45.91833,-71.67778,14.8,450005.0,Balmaceda Ad.
2022-01-18 00:00:00,-45.91833,-71.67778,16.6,450005.0,Balmaceda Ad.
2022-01-02 00:00:00,-51.66722,-72.52889,15.9,510005.0,"Teniente Gallardo, Puerto Natales Ad."
2022-01-03 00:00:00,-51.66722,-72.52889,12.8,510005.0,"Teniente Gallardo, Puerto Natales Ad."
2022-01-04 00:00:00,-51.66722,-72.52889,8.8,510005.0,"Teniente Gallardo, Puerto Natales Ad."
2022-01-05 00:00:00,-51.66722,-72.52889,12.8,510005.0,"Teniente Gallardo, Puerto Natales Ad."
2022-01-06 00:00:00,-51.66722,-72.52889,18.7,510005.0,"Teniente Gallardo, Puerto Natales Ad."
2022-01-07 00:00:00,-51.66722,-72.52889,22.7,510005.0,"Teniente Gallardo, Puerto Natales Ad."
2022-01-08 00:00:00,-51.66722,-72.52889,23.1,510005.0,"Teniente Gallardo, Puerto Natales Ad."
2022-01-09 00:00:00,-51.66722,-72.52889,16.1,510005.0,"Teniente Gallardo, Puerto Natales Ad."
2022-01-10 00:00:00,-51.66722,-72.52889,14.8,510005.0,"Teniente Gallardo, Puerto Natales Ad."
2022-01-11 00:00:00,-51.66722,-72.52889,15.9,510005.0,"Teniente Gallardo, Puerto Natales Ad."
2022-01-12 00:00:00,-51.66722,-72.52889,15.9,510005.0,"Teniente Gallardo, Puerto Natales Ad."
2022-01-13 00:00:00,-51.66722,-72.52889,17.0,510005.0,"Teniente Gallardo, Puerto Natales Ad."
2022-01-14 00:00:00,-51.66722,-72.52889,16.3,510005.0,"Teniente Gallardo, Puerto Natales Ad."
2022-01-15 00:00:00,-51.66722,-72.52889,13.7,510005.0,"Teniente Gallardo, Puerto Natales Ad."
2022-01-16 00:00:00,-51.66722,-72.52889,11.9,510005.0,"Teniente Gallardo, Puerto Natales Ad."
2022-01-17 00:00:00,-51.66722,-72.52889,11.7,510005.0,"Teniente Gallardo, Puerto Natales Ad."
2022-01-18 00:00:00,-51.66722,-72.52889,13.5,510005.0,"Teniente Gallardo, Puerto Natales Ad."
2022-01-02 00:00:00,-53.00167,-70.83861,16.0,520006.0,"Carlos Ibañez, Punta Arenas Ap."
2022-01-03 00:00:00,-53.00167,-70.83861,11.2,520006.0,"Carlos Ibañez, Punta Arenas Ap."
2022-01-04 00:00:00,-53.00167,-70.83861,10.4,520006.0,"Carlos Ibañez, Punta Arenas Ap."
2022-01-05 00:00:00,-53.00167,-70.83861,12.1,520006.0,"Carlos Ibañez, Punta Arenas Ap."
2022-01-06 00:00:00,-53.00167,-70.83861,17.7,520006.0,"Carlos Ibañez, Punta Arenas Ap."
2022-01-07 00:00:00,-53.00167,-70.83861,19.0,520006.0,"Carlos Ibañez, Punta Arenas Ap."
2022-01-08 00:00:00,-53.00167,-70.83861,14.6,520006.0,"Carlos Ibañez, Punta Arenas Ap."
2022-01-09 00:00:00,-53.00167,-70.83861,14.6,520006.0,"Carlos Ibañez, Punta Arenas Ap."
2022-01-10 00:00:00,-53.00167,-70.83861,13.1,520006.0,"Carlos Ibañez, Punta Arenas Ap."
2022-01-11 00:00:00,-53.00167,-70.83861,13.1,520006.0,"Carlos Ibañez, Punta Arenas Ap."
2022-01-12 00:00:00,-53.00167,-70.83861,13.4,520006.0,"Carlos Ibañez, Punta Arenas Ap."
2022-01-13 00:00:00,-53.00167,-70.83861,14.2,520006.0,"Carlos Ibañez, Punta Arenas Ap."
2022-01-14 00:00:00,-53.00167,-70.83861,14.7,520006.0,"Carlos Ibañez, Punta Arenas Ap."
2022-01-15 00:00:00,-53.00167,-70.83861,13.2,520006.0,"Carlos Ibañez, Punta Arenas Ap."
2022-01-16 00:00:00,-53.00167,-70.83861,13.5,520006.0,"Carlos Ibañez, Punta Arenas Ap."
2022-01-17 00:00:00,-53.00167,-70.83861,11.4,520006.0,"Carlos Ibañez, Punta Arenas Ap."
2022-01-18 00:00:00,-53.00167,-70.83861,12.6,520006.0,"Carlos Ibañez, Punta Arenas Ap."
2022-01-02 00:00:00,-53.25361,-70.32611,15.5,530005.0,"Fuentes Martínez, Porvenir Ad."
2022-01-03 00:00:00,-53.25361,-70.32611,11.3,530005.0,"Fuentes Martínez, Porvenir Ad."
2022-01-04 00:00:00,-53.25361,-70.32611,12.7,530005.0,"Fuentes Martínez, Porvenir Ad."
2022-01-05 00:00:00,-53.25361,-70.32611,11.6,530005.0,"Fuentes Martínez, Porvenir Ad."
2022-01-06 00:00:00,-53.25361,-70.32611,18.1,530005.0,"Fuentes Martínez, Porvenir Ad."
2022-01-07 00:00:00,-53.25361,-70.32611,19.9,530005.0,"Fuentes Martínez, Porvenir Ad."
2022-01-08 00:00:00,-53.25361,-70.32611,17.0,530005.0,"Fuentes Martínez, Porvenir Ad."
2022-01-09 00:00:00,-53.25361,-70.32611,15.3,530005.0,"Fuentes Martínez, Porvenir Ad."
2022-01-10 00:00:00,-53.25361,-70.32611,12.2,530005.0,"Fuentes Martínez, Porvenir Ad."
2022-01-11 00:00:00,-53.25361,-70.32611,13.7,530005.0,"Fuentes Martínez, Porvenir Ad."
2022-01-12 00:00:00,-53.25361,-70.32611,14.2,530005.0,"Fuentes Martínez, Porvenir Ad."
2022-01-13 00:00:00,-53.25361,-70.32611,15.4,530005.0,"Fuentes Martínez, Porvenir Ad."
2022-01-14 00:00:00,-53.25361,-70.32611,14.7,530005.0,"Fuentes Martínez, Porvenir Ad."
2022-01-15 00:00:00,-53.25361,-70.32611,12.9,530005.0,"Fuentes Martínez, Porvenir Ad."
2022-01-16 00:00:00,-53.25361,-70.32611,13.3,530005.0,"Fuentes Martínez, Porvenir Ad."
2022-01-17 00:00:00,-53.25361,-70.32611,12.1,530005.0,"Fuentes Martínez, Porvenir Ad."
2022-01-18 00:00:00,-53.25361,-70.32611,13.3,530005.0,"Fuentes Martínez, Porvenir Ad."
2022-01-02 00:00:00,-54.93167,-67.61556,12.0,550001.0,"Guardiamarina Zañartu, Pto Williams Ad."
2022-01-03 00:00:00,-54.93167,-67.61556,11.4,550001.0,"Guardiamarina Zañartu, Pto Williams Ad."
2022-01-04 00:00:00,-54.93167,-67.61556,11.5,550001.0,"Guardiamarina Zañartu, Pto Williams Ad."
2022-01-05 00:00:00,-54.93167,-67.61556,11.0,550001.0,"Guardiamarina Zañartu, Pto Williams Ad."
2022-01-06 00:00:00,-54.93167,-67.61556,17.7,550001.0,"Guardiamarina Zañartu, Pto Williams Ad."
2022-01-07 00:00:00,-54.93167,-67.61556,19.4,550001.0,"Guardiamarina Zañartu, Pto Williams Ad."
2022-01-08 00:00:00,-54.93167,-67.61556,15.3,550001.0,"Guardiamarina Zañartu, Pto Williams Ad."
2022-01-09 00:00:00,-54.93167,-67.61556,15.1,550001.0,"Guardiamarina Zañartu, Pto Williams Ad."
2022-01-10 00:00:00,-54.93167,-67.61556,11.5,550001.0,"Guardiamarina Zañartu, Pto Williams Ad."
2022-01-11 00:00:00,-54.93167,-67.61556,13.5,550001.0,"Guardiamarina Zañartu, Pto Williams Ad."
2022-01-12 00:00:00,-54.93167,-67.61556,12.1,550001.0,"Guardiamarina Zañartu, Pto Williams Ad."
2022-01-13 00:00:00,-54.93167,-67.61556,14.5,550001.0,"Guardiamarina Zañartu, Pto Williams Ad."
2022-01-14 00:00:00,-54.93167,-67.61556,14.6,550001.0,"Guardiamarina Zañartu, Pto Williams Ad."
2022-01-15 00:00:00,-54.93167,-67.61556,12.0,550001.0,"Guardiamarina Zañartu, Pto Williams Ad."
2022-01-16 00:00:00,-54.93167,-67.61556,9.5,550001.0,"Guardiamarina Zañartu, Pto Williams Ad."
2022-01-17 00:00:00,-54.93167,-67.61556,8.5,550001.0,"Guardiamarina Zañartu, Pto Williams Ad."
2022-01-18 00:00:00,-54.93167,-67.61556,11.4,550001.0,"Guardiamarina Zañartu, Pto Williams Ad."
2022-01-02 00:00:00,-62.19194,-58.97972,-0.3,950001.0,"C.M.A. Eduardo Frei Montalva, Antártica "
2022-01-03 00:00:00,-62.19194,-58.97972,5.0,950001.0,"C.M.A. Eduardo Frei Montalva, Antártica "
2022-01-04 00:00:00,-62.19194,-58.97972,-0.4,950001.0,"C.M.A. Eduardo Frei Montalva, Antártica "
2022-01-05 00:00:00,-62.19194,-58.97972,2.0,950001.0,"C.M.A. Eduardo Frei Montalva, Antártica "
2022-01-06 00:00:00,-62.19194,-58.97972,1.5,950001.0,"C.M.A. Eduardo Frei Montalva, Antártica "
2022-01-07 00:00:00,-62.19194,-58.97972,1.9,950001.0,"C.M.A. Eduardo Frei Montalva, Antártica "
2022-01-08 00:00:00,-62.19194,-58.97972,2.5,950001.0,"C.M.A. Eduardo Frei Montalva, Antártica "
2022-01-09 00:00:00,-62.19194,-58.97972,3.7,950001.0,"C.M.A. Eduardo Frei Montalva, Antártica "
2022-01-10 00:00:00,-62.19194,-58.97972,1.5,950001.0,"C.M.A. Eduardo Frei Montalva, Antártica "
2022-01-11 00:00:00,-62.19194,-58.97972,2.4,950001.0,"C.M.A. Eduardo Frei Montalva, Antártica "
2022-01-12 00:00:00,-62.19194,-58.97972,0.5,950001.0,"C.M.A. Eduardo Frei Montalva, Antártica "
2022-01-13 00:00:00,-62.19194,-58.97972,1.2,950001.0,"C.M.A. Eduardo Frei Montalva, Antártica "
2022-01-14 00:00:00,-62.19194,-58.97972,1.4,950001.0,"C.M.A. Eduardo Frei Montalva, Antártica "
2022-01-15 00:00:00,-62.19194,-58.97972,1.8,950001.0,"C.M.A. Eduardo Frei Montalva, Antártica "
2022-01-16 00:00:00,-62.19194,-58.97972,2.3,950001.0,"C.M.A. Eduardo Frei Montalva, Antártica "
2022-01-17 00:00:00,-62.19194,-58.97972,1.2,950001.0,"C.M.A. Eduardo Frei Montalva, Antártica "
2022-01-18 00:00:00,-62.19194,-58.97972,3.3,950001.0,"C.M.A. Eduardo Frei Montalva, Antártica "
